"APN","Address - Street Number","Address - Street Name","Address - Zip Code","Bedrooms","Bathrooms","MTRO Square Footage","Lot Size - Acres","Year Built","Property Condition","Remodeled/Updated","Remodeled/Updated Desc","DOM","CDOM","Original Price","List Price","Close Price","On Market Date","Close Date","Multiple Offers","Number of Offers"
"256-0390-006","4722","Gibbons","95608","3","3 (2 1)","3090","0.1768","","","","","166","166","759442.00","734442.00","734442.00","08/31/05","03/23/06","","0"
"289-0042-010-0000","5009","Paloma","95608","3","3 (2 1)","2598","0.6000","1980","","","","153","153","1095000.00","924900.00","850000.00","08/26/05","02/27/06","","0"
"272-0150-005-0000","5515","Marconi","95608","2","1 (1 0)","1216","0.1860","1953","","","","198","198","450000.00","279500.00","350000.00","08/15/05","04/11/06","","0"
"256-0062-006-0000","4811","Engle","95608","3","2 (2 0)","1053","0.2700","1995","","","","88","88","379500.00","330000.00","330000.00","08/21/05","01/02/06","","0"
"232-0460-08","5949","Via Casitas","95608","2","2 (1 1)","972","0.0160","1971","","","","239","239","234900.00","214950.00","217500.00","08/22/05","05/25/06","","0"
"256-0370-003-0","4745","Courtland","95608","2","3 (2 1)","1174","0.0391","1989","","","","132","132","310000.00","275000.00","280500.00","08/13/05","02/20/06","","0"
"283-0050-068-0000","6132","Van Alstine","95608","6","7 (7 0)","5500","0.8550","2004","","","","120","196","1895000.00","1765000.00","1685000.00","08/12/05","02/10/06","","0"
"232-0470-022-0000","6036","Via Casitas","95608","3","3 (2 1)","1380","","1971","","","","230","230","280000.00","239900.00","225000.00","08/10/05","05/16/06","","0"
"282-0292-009-0000","2101","Eric","95608","3","2 (2 0)","1656","0.2320","1958","","","","141","141","472500.00","420000.00","415000.00","07/28/05","01/04/06","","0"
"258-0123-031-0000","3509","JAY JAY","95608","5","3 (3 0)","3250","0.1900","2005","","","","206","305","695900.00","649500.00","627750.00","06/30/05","02/17/06","","0"
"258-0123-033-0000","3515","JAY JAY","95608","4","3 (2 1)","3018","0.2200","2005","","","","153","284","675500.00","675500.00","670000.00","06/30/05","03/31/06","","0"
"283-0560-026-0000","2241","Fallwater","95608","2","3 (2 1)","1403","0.0990","1994","","","","191","191","424900.00","378500.00","380000.00","06/28/05","02/20/06","","0"
"283-0010-068-0000","5233","Wyndham Oak","95608","4-6","3 (3 0)","3017","0.1510","1998","","","","116","116","719000.00","649000.00","635000.00","06/22/05","01/27/06","","0"
"289-0241-015-0000","1543","Elsdon","95608","4","4 (3 1)","3357","0.4400","1985","","","","155","155","15000000.00","1425000.00","1300000.00","06/13/05","03/30/06","","0"
"232-0500-063-0000","6237","Via Casitas","95608","3","3 (2 1)","1380","0.0230","1971","","","","164","164","289500.00","257000.00","248000.00","06/06/05","03/31/06","","0"
"247-0122-010-0000","4306","Galewood","95608","4","2 (2 0)","2085","0.2440","1961","","","","223","223","489900.00","477000.00","480000.00","05/27/05","03/31/06","","0"
"236-0253-006-0000","4846","Wiedman","95608","4","2 (2 0)","1440","0.1620","1963","","","","196","265","359900.00","349900.00","340000.00","04/04/05","01/05/06","","0"
"236-0313-012-0000","6323","Pennyroyal","95608","3","2 (2 0)","1768","0.1950","1971","","","","133","133","425000.00","385950.00","370000.00","09/01/05","02/17/06","","0"
"230-0710-021-0000","4135","SCRANTON","95608","2","2 (2 0)","1288","0.0940","1978","","","","136","136","329000.00","279600.00","282000.00","09/29/05","03/29/06","","0"
"289-0262-009-0000","5431","Tree Side","95608","3","3 (2 1)","2500","0.2700","1965","","","","153","153","700000.00","667000.00","667000.00","09/20/05","03/16/06","","0"
"236-0244-004-0000","4864","CRESTVIEW","95608","4","2 (2 0)","1624","0.1920","1961","","","","79","79","425000.00","405000.00","403000.00","09/16/05","01/12/06","","0"
"236-0121-004-0000","5225","Columbine","95608","3","2 (1 1)","1358","0.2810","1960","","","","78","78","399000.00","359000.00","369500.00","09/06/05","01/05/06","","0"
"282-0330-020-0000","2402","VIA CAMINO","95608","3","3 (2 1)","1380","0.0240","1972","","","","113","113","270000.00","260000.00","250000.00","10/04/05","02/16/06","","0"
"256-0330-010-0000","4725","Eli","95608","3","2 (1 1)","1289","0.0890","1973","","","","18","63","309500.00","309500.00","310000.00","10/06/05","01/04/06","","0"
"282-0245-001-0000","1750","Mission","95608","3","2 (2 0)","1444","0.2680","1957","","","","117","117","455000.00","399500.00","365000.00","09/12/05","02/10/06","","0"
"229-0274-012-0000","5833","Sharps","95608","3","2 (1 1)","1273","0.1300","1961","","","","188","188","368000.00","330000.00","330000.00","09/06/05","06/20/06","","0"
"245-0150-011-0000","6209","Lincoln","95608","2","1 (1 0)","842","0.4900","1945","","","","59","59","375000.00","350000.00","337500.00","10/07/05","02/03/06","","0"
"273-0123-018","3037","Marlynn","95608","4","3 (2 1)","3200","0.5000","1982","","","","60","60","925000.00","799000.00","798500.00","10/10/05","02/02/06","","0"
"258-0053-010-0000","3801","Horton","95608","3","1 (1 0)","1209","0.2400","1956","","","","89","89","339000.00","309000.00","320000.00","10/12/05","02/17/06","","0"
"292-0414-001-0000","1030","Jacob","95608","3-4","2 (2 0)","2250","0.2900","1969","","","","107","107","729000.00","729000.00","710000.00","09/05/05","01/18/06","","0"
"245-0303-046-0000","5909","Adana","95608","3","3 (2 1)","1955","0.1820","1980","","","","41","41","455000.00","455000.00","455000.00","10/07/05","01/31/06","","0"
"245-0091-015-0000","4321","Jan","95608","3","2 (2 0)","1471","0.2260","1961","","","","107","107","379000.00","369000.00","365000.00","10/10/05","03/31/06","","0"
"282-0062-005-0000","4718","Melvin","95608","3","2 (2 0)","1207","0.2100","1957","","","","65","65","349950.00","328000.00","309000.00","10/11/05","01/18/06","","0"
"232-0224-009","6145","Madison","95608","3","1 (1 0)","1040","0.2700","1958","","","","49","49","329900.00","315000.00","320000.00","10/17/05","01/20/06","","0"
"245-0222-021-0000","6441","Miles","95608","3","2 (2 0)","1171","0.2410","1958","","","","106","106","349500.00","319950.00","324750.00","10/21/05","03/03/06","","0"
"283-0101-002-0000","5706","Frontier","95608","3","3 (2 1)","1744","0.3700","1948","","","","84","84","499000.00","469000.00","463000.00","10/27/05","03/07/06","","0"
"247-0124-012-0000","7013","TRABERT","95608","4-5","3 (2 1)","2522","0.2100","1976","","","","51","87","579000.00","579000.00","565000.00","10/25/05","02/27/06","","0"
"256-0340-002-0000","5032","Whitney","95608","2","1 (1 0)","1400","0.2600","1985","Fixer","","","14","14","250000.00","250000.00","229000.00","10/04/05","01/02/06","","0"
"245-0240-030-0006","4002","Alex","95608","2","3 (2 1)","1305","","1987","","","","70","70","307500.00","300000.00","297500.00","10/25/05","03/27/06","","0"
"260-0440-001-0000","5900","Grant","95608","3","3 (2 1)","1350","0.0180","1985","","","","82","82","283900.00","269900.00","269900.00","10/26/05","03/02/06","","0"
"258-0350-007-0000","4060","KNOLL TOP","95608","2","2 (1 1)","1116","0.0290","1972","","","","25","71","259950.00","249950.00","240000.00","10/17/05","01/06/06","","0"
"271-0132-023-0000","4728","Donnie Lyn","95608","3","2 (2 0)","1482","0.2600","1954","","","","68","96","409950.00","399900.00","387000.00","11/09/05","02/22/06","","0"
"289-0302-007-0000","1510","Gary","95608","4","3 (3 0)","1904","0.2800","1960","","","","24","24","545000.00","545000.00","530000.00","10/24/05","01/03/06","","0"
"258-0272-023-0000","5112","Walnut Place","95608","4","3 (3 0)","2229","0.1600","1988","","","","5","5","390000.00","390000.00","400000.00","11/09/05","01/27/06","","0"
"260-0450-005-0000","3817","Olivebranch","95608","2-3","2 (2 0)","1255","0.0700","1988","","","","66","66","349950.00","349950.00","349950.00","11/04/05","02/14/06","","0"
"245-0095-001-0000","6201","Mineral","95608","4","2 (2 0)","1614","0.2170","1960","","","","138","138","439900.00","419000.00","395000.00","10/26/05","03/28/06","","0"
"271-0313-086","4950","SILVER RANCH","95608","5","3 (3 0)","2800","0.1280","2001","","","","50","90","600000.00","550000.00","547000.00","10/18/05","01/04/06","","0"
"258-0350-025-0000","4012","Knoll Top","95608","2","2 (1 1)","1116","0.0290","1972","","","","151","151","254999.00","220000.00","216000.00","09/30/05","03/14/06","","0"
"256-0054-001-0000","3746","Chamberlain","95608","3","2 (1 1)","1053","0.2500","1957","","","","110","110","375000.00","339998.00","327000.00","09/30/05","02/24/06","","0"
"245-0222-030-0000","8015","Fair Oaks","95608","4","2 (2 0)","2105","2.1900","1910","","","","111","111","2040000.00","2040000.00","2025000.00","09/29/05","03/17/06","","0"
"289-0223-023-0000","1242","Jacob","95608","3","3 (2 1)","2124","0.2600","1959","","","","17","83","565000.00","565000.00","565000.00","11/10/05","01/12/06","","0"
"256-0031-005-0000","5004","Cypress","95608","2","3 (2 1)","1594","0.9200","1957","","","","4","4","599000.00","599000.00","599000.00","11/10/05","01/11/06","","0"
"258-0360-047-0000","5401","Lequel","95608","3","2 (2 0)","1754","0.1670","1979","","","","106","106","429900.00","414900.00","400000.00","11/01/05","03/16/06","","0"
"236-0051-009","5928","Helva","95608","3","2 (2 0)","1058","0.1700","1960","","","","77","211","310000.00","310000.00","305000.00","11/02/05","02/17/06","","0"
"273-0122-031-0000","6238","Eastmont","95608","3","2 (2 0)","1678","0.2700","1957","","","","40","40","525000.00","525000.00","525000.00","11/03/05","02/10/06","","0"
"230-0202-007-0000","4210","Pueblo","95608","3","2 (2 0)","1327","0.2680","1962","","","","92","92","429000.00","409000.00","397000.00","11/07/05","03/06/06","","0"
"258-0330-054-0000","3915","OAK VILLA","95608","3","2 (1 1)","1323","0.0310","1972","","","","52","52","284900.00","279900.00","281750.00","10/14/05","01/09/06","","0"
"271-0264-003-0000","5012","Kenneth","95608","4","3 (2 1)","1850","0.3500","1953","","","","3","3","449000.00","449000.00","445000.00","11/09/05","01/31/06","","0"
"236-0167-003-0000","5006","Robander","95608","3","2 (1 1)","1016","0.1590","1960","","","","34","34","329900.00","299900.00","300000.00","11/11/05","01/06/06","","0"
"256-0390-004-0000","4734","Gibbons","95608","4","3 (3 0)","3357","0.1640","2005","","","","23","67","699000.00","699000.00","695000.00","11/12/05","01/20/06","","0"
"232-0420-022","5944","Via Casitas","95608","2","2 (1 1)","972","","1971","","","","44","44","224500.00","219000.00","217000.00","11/13/05","02/19/06","","0"
"245-0111-013-0000","6411","Rolling","95608","4","3 (2 1)","1855","0.2010","1970","","","","40","40","415000.00","414900.00","414900.00","11/10/05","01/24/06","","0"
"273-0022-011-0000","3337","Monteglen","95608","4","2 (2 0)","1736","0.2310","1960","","","","0","98","439500.00","439500.00","439500.00","11/15/05","03/01/06","","0"
"283-0090-061-0000","2300","Garfield","95608","5","6 (6 0)","3477","0.2730","2000","","","","73","73","927950.00","927950.00","900000.00","11/15/05","08/29/06","","0"
"282-0330-016-0000","2410","Via Camino","95608","3","3 (2 1)","1380","0.0240","1972","","","","64","64","285000.00","275000.00","272500.00","11/15/05","02/09/06","","0"
"273-0081-008","3121","Wilkins","95608","4","2 (2 0)","1783","0.2332","1956","","","","76","80","525000.00","450000.00","450000.00","11/11/05","02/24/06","","0"
"247-0240-019","7255","Gunderson","95608","3","3 (2 1)","1769","0.3000","1957","","","","161","161","447500.00","424500.00","411442.00","11/10/05","05/26/06","","0"
"283-0010-003-0000","2432","Walnut","95608","2","2 (2 0)","1178","0.4450","1945","","","","20","20","320000.00","320000.00","332500.00","11/09/05","01/10/06","","0"
"256-0370-012-0000","4810","Courtland","95608","2","2 (2 0)","1170","0.0830","1990","","","","78","78","314950.00","314950.00","306000.00","11/19/05","03/30/06","","0"
"258-0330-040-0000","5203","Gibbons","95608","3","3 (2 1)","1344","0.0320","1972","","","","28","28","269000.00","269000.00","255000.00","11/17/05","01/03/06","","0"
"232-0363-034-0000","6335","Edgerton","95608","3-4","3 (3 0)","1830","0.2000","1961","","","","25","25","369950.00","369950.00","365000.00","11/17/05","02/21/06","","0"
"247-0273-020-0000","4009","Fairwood","95608","3","2 (2 0)","1256","0.2300","1956","","","","45","45","349500.00","349500.00","315000.00","11/17/05","01/30/06","","0"
"256-0390-012","3818","Gibbons Park","95608","4","3 (3 0)","3357","0.1658","","","","","130","130","692708.00","676551.00","676551.00","12/01/05","05/16/06","","0"
"282-0291-009-0000","2117","Bircher","95608","4","2 (2 0)","1543","0.2300","1959","","","","34","34","449500.00","449500.00","429000.00","11/23/05","01/23/06","","0"
"272-0220-019","2701","Garfield","95608","3","2 (2 0)","1250","0.2300","1969","","","","45","75","339900.00","319900.00","300000.00","11/29/05","03/03/06","","0"
"256-0380-043-0000","3546","Denfield","95608","4","3 (3 0)","2036","0.3000","1999","","","","122","122","565000.00","535000.00","535000.00","11/14/05","04/20/06","","0"
"272-0171-024-0000","2825","Randolph","95608","4","2 (2 0)","1931","0.8400","1950","","","","161","338","685000.00","599000.00","535000.00","11/28/05","12/12/06","","0"
"256-0390-010","3828","Gibbons Park","95608","4","3 (3 0)","3357","0.1658","","","","","110","110","731048.00","706048.00","706048.00","11/30/05","04/03/06","","0"
"230-0331-017-0000","5617","Valhalla","95608","4","3 (2 1)","2117","0.2500","1992","","","","78","205","575000.00","499000.00","499000.00","12/08/05","03/20/06","","0"
"272-0242-020-0000","2649","Stamp Mill","95608","3","3 (2 1)","1784","0.1300","1990","","","","162","162","410000.00","385000.00","385000.00","11/17/05","05/19/06","","0"
"247-0044-002-0000","6816","Appomattox","95608","3","3 (2 1)","2088","0.2640","1996","","","","119","208","525000.00","500000.00","499000.00","11/22/05","04/14/06","","0"
"289-0560-022-0000","1301","Kingsford","95608","3","3 (2 1)","2905","0.3740","1983","","","","87","87","925000.00","925000.00","875000.00","12/02/05","03/27/06","","0"
"256-0390-014","3810","Gibbons Park","95608","3-4","3 (2 1)","3090","0.1654","","","","","74","74","684884.00","659884.00","659884.00","12/01/05","03/24/06","","0"
"271-0252-010-0000","4817","Serena","95608","4","2 (2 0)","1968","0.3150","1954","","","","24","129","372500.00","359900.00","340000.00","11/29/05","01/23/06","","0"
"272-0061-017-0000","3137","Birch","95608","4","2 (2 0)","1320","0.2800","1960","","","","89","89","374950.00","365000.00","365000.00","11/29/05","04/12/06","","0"
"236-0143-022-0000","5320","Flagstone","95608","3","2 (2 0)","1551","0.1970","1960","","","","2","2","330000.00","330000.00","338000.00","11/29/05","01/17/06","","0"
"236-0051-012-0000","5920","Helva","95608","3","2 (2 0)","1045","0.1700","1960","","","","19","102","312900.00","312900.00","325000.00","11/17/05","01/11/06","","0"
"245-0253-018-0000","8449","Fair Oaks","95608","4-5","5 (5 0)","4032","0.4590","2005","","","","214","214","1225000.00","995000.00","950000.00","12/01/05","08/11/06","","0"
"260-0450-036-0000","3812","Olivebranch","95608","2","2 (2 0)","1255","0.0740","1989","","","","49","49","330000.00","330000.00","325000.00","12/02/05","02/17/06","","0"
"245-0093-001-0000","4401","Jan","95608","3","2 (2 0)","1495","0.2200","1961","","","","6","6","425000.00","425000.00","410000.00","12/27/05","01/13/06","","0"
"245-0222-014-0000","6465","Miles","95608","3","2 (2 0)","1368","0.2600","1958","","","","80","130","372000.00","366000.00","350000.00","11/18/05","03/13/06","","0"
"236-0301-004-0000","5275","Heritage","95608","4","2 (2 0)","1843","0.1660","1968","","","","75","165","459000.00","439000.00","439000.00","12/01/05","03/10/06","","0"
"247-0071-002-0000","4635","Stollwood","95608","4","2 (2 0)","1903","0.2210","1969","Fixer","","","57","57","382500.00","350000.00","400000.00","12/16/05","03/22/06","","0"
"283-0341-029-0000","1805","Parliament","95608","4-13","4 (3 1)","3208","0.2410","1985","","","","0","0","1189000.00","1189000.00","1189000.00","12/13/05","02/10/06","","0"
"256-0370-020-0000","4771","Courtland","95608","2","2 (2 0)","1170","0.0860","1990","","","","71","71","309000.00","309000.00","303000.00","12/03/05","04/06/06","","0"
"229-0050-043-0000","5924","Dollar","95608","4","3 (3 0)","2612","0.1650","1980","","","","38","38","399900.00","399900.00","399000.00","12/05/05","02/15/06","","0"
"245-0160-003-0000","6035","Lincoln","95608","3","1 (1 0)","846","0.9500","1951","","","","274","325","749000.00","449900.00","375000.00","12/06/05","10/12/06","","0"
"232-0520-036-0000","5939","Casa Alegre","95608","3","3 (2 1)","1404","0.0280","1973","","","","101","101","265000.00","265000.00","269500.00","01/08/06","05/08/06","","0"
"232-0361-009-0000","5717","Hesper","95608","3","2 (1 1)","1146","0.1900","1961","","","","1","88","325000.00","325000.00","315000.00","12/21/05","01/10/06","","0"
"289-0032-027-0000","4717","Saca","95608","5","6 (5 1)","4000","0.4500","2003","","","","16","139","1099000.00","1099000.00","1000000.00","12/22/05","08/01/06","","0"
"272-0130-031-0000","2948","Casa Nuestras","95608","3","1 (1 0)","1700","0.8800","1947","","","","53","220","479000.00","449000.00","402500.00","10/21/05","02/08/06","","0"
"229-0261-015-0000","5805","Fernbrook","95608","3","2 (2 0)","1429","0.1900","1961","","","","54","145","387000.00","387000.00","380000.00","12/22/05","03/06/06","","0"
"245-0083-006-0000","4415","ROLLING ROCK","95608","3-4","2 (2 0)","1644","0.2490","1960","","","","63","63","374900.00","359000.00","368000.00","01/13/06","04/07/06","","0"
"236-0221-017-0000","6129","Longmont","95608","4","2 (2 0)","1630","0.2140","1966","","","","52","52","388000.00","388000.00","385000.00","12/08/05","03/10/06","","0"
"282-0310-011-0000","2320","Via Camino","95608","2","3 (2 1)","1166","0.0290","1972","","","","25","123","240000.00","240000.00","233000.00","12/23/05","02/17/06","","0"
"256-0370-035-0004","4730","Courtland","95608","2","2 (2 0)","1178","","1989","","","","43","88","310000.00","300000.00","285000.00","12/27/05","03/10/06","","0"
"232-0530-003-0000","5949","Casa Alegre","95608","3","3 (2 1)","1380","0.0250","1973","","","","66","93","258500.00","248000.00","244000.00","12/09/05","05/04/06","","0"
"258-0221-002-0000","5123","Janell","95608","4","2 (2 0)","1700","0.2240","1962","","","","73","73","425000.00","359900.00","360000.00","10/06/05","01/20/06","","0"
"236-0243-020-0000","4912","Crestview","95608","3","2 (2 0)","1775","0.1930","1963","","","","70","70","439950.00","439950.00","429000.00","11/04/05","02/16/06","","0"
"260-0242-025-0000","3531","Bajamont","95608","3-4","2 (2 0)","2422","0.3650","1986","","","","47","181","595000.00","595000.00","595000.00","11/05/05","03/22/06","","0"
"260-0270-019-0000","6707","STEELE OAK","95608","5-6","6 (6 0)","4322","0.3600","2000","","","","22","183","1150000.00","1150000.00","1037000.00","12/15/05","01/25/06","","0"
"230-0790-012-0000","5643","Vall","95608","2","2 (2 0)","1038","0.0870","1984","","","","27","27","304950.00","304950.00","309000.00","12/16/05","02/06/06","","0"
"273-0200-044-0000","6001","Van Alstine","95608","3","1 (1 0)","1365","0.7100","1949","Fixer","","","41","161","399000.00","385000.00","385000.00","01/04/06","03/29/06","","0"
"272-0242-043-0000","2616","Marie Ann","95608","2","3 (2 1)","1352","0.0930","1993","","","","1","1","290000.00","290000.00","270000.00","01/05/06","01/30/06","","0"
"247-0280-040","4032","Eastwood Village","95608","3","3 (2 1)","1480","0.0700","1992","","","","71","71","369000.00","359000.00","359000.00","01/02/06","05/12/06","","0"
"232-0480-009-0000","6003","Via Casitas","95608","3","3 (2 1)","1380","0.0240","1971","","","","45","45","256000.00","256000.00","265000.00","01/08/06","03/23/06","","0"
"256-0330-014-0000","4713","Eli","95608","2","2 (2 0)","1131","0.0780","1974","","","","25","25","295000.00","295000.00","292000.00","01/09/06","03/23/06","","0"
"272-0210-020-0000","2721","Gunn","95608","3","2 (2 0)","1208","0.2300","1945","Fixer","","","87","87","322900.00","317900.00","365000.00","01/09/06","05/15/06","","0"
"245-0240-030-0010","4010","Alex","95608","3","3 (2 1)","1326","","1987","","","","150","211","330000.00","299999.00","290000.00","01/10/06","06/28/06","","0"
"232-0470-029-0000","6046","VIA CASITAS","95608","2","2 (2 0)","961","0.0310","1971","","","","209","209","250000.00","229000.00","215000.00","01/10/06","09/19/06","","0"
"283-0213-026-0000","5221","McKenzie Glen","95608","3","2 (2 0)","1757","0.2100","1980","","","","23","23","495000.00","469000.00","450000.00","01/13/06","03/03/06","","0"
"245-0114-022-0000","6348","Perrin","95608","3","2 (2 0)","1730","0.2030","1971","","","","6","6","440000.00","440000.00","435500.00","01/13/06","02/16/06","","0"
"247-0273-028-0004","4038","Grover","95608","2","1 (1 0)","838","","1979","","","","54","54","219000.00","209900.00","209000.00","11/15/05","01/31/06","","0"
"273-0170-047-0000","6101","Kenneth","95608","3","3 (2 1)","2800","0.7300","2005","","","","121","121","949000.00","850000.00","830000.00","01/13/06","08/22/06","","0"
"232-0470-010-0000","6016","Via Casitas","95608","3","3 (2 1)","1380","0.0220","1971","","","","89","223","267500.00","255000.00","248000.00","01/14/06","05/15/06","","0"
"247-0252-003-0000","4252","OAK KNOLL","95608","3","2 (2 0)","1222","0.2500","1958","","","","22","22","349000.00","349000.00","325000.00","12/01/05","01/26/06","","0"
"282-0114-002-0000","4924","DONOVAN","95608","2","2 (2 0)","1679","0.2310","1954","","","","44","197","379900.00","379900.00","370000.00","12/28/05","02/28/06","","0"
"273-0150-022-000","6345","PALM","95608","3","2 (2 0)","1900","0.2500","1958","","","","32","32","480000.00","480000.00","435000.00","11/18/05","01/11/06","","0"
"232-0223-001-0000","5449","Edgerly","95608","3","2 (2 0)","1391","0.1400","1958","","","","36","289","315000.00","315000.00","323000.00","12/29/05","02/17/06","","0"
"282-0212-016-0000","5047","Oak Leaf","95608","3","3 (2 1)","1984","0.2400","1972","","","","135","135","459950.00","449950.00","449000.00","01/02/06","06/23/06","","0"
"256-0390-017-0000","3750","Gibbons Park","95608","4","3 (2 1)","2334","0.1740","2005","","","","5","82","594950.00","594950.00","585000.00","01/20/06","02/17/06","","0"
"245-0260-019-0000","4118","Marshall","95608","3","2 (2 0)","1564","0.3280","1957","","","","54","141","424900.00","419900.00","415000.00","01/20/06","04/14/06","","0"
"236-0321-019-0000","5304","Baumgart","95608","4","2 (2 0)","1815","0.1670","1970","","","","82","82","419999.00","399999.00","392500.00","01/20/06","05/16/06","","0"
"282-0213-008-0000","4942","Oakleaf","95608","4","3 (2 1)","1982","0.2380","1958","","","","54","232","435000.00","435000.00","422000.00","01/20/06","03/23/06","","0"
"258-0272-032-0000","5112","Infinity","95608","4","3 (3 0)","2861","0.2000","2005","","","","18","161","644000.00","639000.00","630000.00","01/23/06","03/27/06","","0"
"273-0212-008-0000","2601","Los Feliz","95608","3","2 (2 0)","1334","0.2310","1958","","","","21","21","409000.00","409000.00","409000.00","01/24/06","03/15/06","","0"
"232-0072-030-0000","5901","Ellerslee","95608","3","2 (2 0)","1621","0.2000","1958","","","","136","136","365000.00","339000.00","323000.00","01/24/06","06/27/06","","0"
"245-0051-003-0000","4530","Stoney","95608","3","2 (2 0)","1535","0.2290","1959","","","","19","19","419950.00","419950.00","428500.00","01/25/06","03/31/06","","0"
"271-0262-017-0000","4936","Kenneth","95608","3","1 (1 0)","1104","0.2420","1953","","","","20","20","374000.00","374000.00","372000.00","01/25/06","03/16/06","","0"
"230-0870-028-0000","4325","Tyrone","95608","4","3 (2 1)","2895","0.3070","2002","","","","11","11","735000.00","735000.00","735000.00","01/24/06","02/21/06","","0"
"229-0271-002-0000","6119","Hilltop","95608","2-3","2 (2 0)","1092","0.1400","1961","","","","48","48","315000.00","299000.00","294880.00","01/26/06","04/13/06","","0"
"236-0151-007-0000","5340","Lana","95608","3","2 (2 0)","1534","0.3500","1960","","","","35","35","399999.00","379500.00","369000.00","01/30/06","03/31/06","","0"
"260-0440-005-0002","5900","Grant","95608","2","2 (1 1)","1050","0.0120","1985","","","","46","46","237400.00","229900.00","229900.00","01/16/06","03/17/06","","0"
"272-0200-054-0000","5707","John Richard","95608","3","2 (2 0)","1497","0.0740","1984","","","","70","70","359000.00","329950.00","315000.00","01/14/06","04/27/06","","0"
"236-0311-003-0000","6317","Meadowvista","95608","3","2 (2 0)","1974","0.1970","1968","","","","11","11","479990.00","479990.00","467000.00","01/14/06","02/23/06","","0"
"247-0054-003-0000","7010","Los Olivos","95608","4","3 (3 0)","2622","0.2020","1970","","","","83","83","539000.00","539000.00","510000.00","01/17/06","05/09/06","","0"
"260-0331-030-0000","7032","Fair Oaks","95608","3","3 (2 1)","1260","","1975","","","","106","106","257500.00","257500.00","262800.00","01/19/06","05/26/06","","0"
"230-0600-005-0000","5528","Winding","95608","2","1 (1 0)","1188","0.6100","1947","","","","54","54","499000.00","499000.00","470000.00","02/01/06","06/21/06","","0"
"272-0220-017-0000","2720","Larry","95608","4","2 (2 0)","2060","0.3410","1965","","","","67","151","579000.00","579000.00","565000.00","02/03/06","05/11/06","","0"
"260-0120-009-0000","6620","Holmes","95608","3","1 (1 0)","1701","0.8300","1953","Fixer","","","7","7","665000.00","411000.00","375000.00","02/03/06","06/05/06","","0"
"247-0280-003-0001","8949","Fair Oaks","95608","3","2 (2 0)","1388","0.7580","1955","","","","110","469","447000.00","447000.00","406000.00","02/03/06","07/07/06","","0"
"273-0122-012-0000","6228","Kiernan","95608","3","2 (2 0)","1440","0.2300","1958","","","","12","12","399900.00","399900.00","399900.00","02/06/06","03/20/06","","0"
"260-0440-005-0006","5900","Grant","95608","2","2 (1 1)","1050","0.0120","1985","","","","9","9","232900.00","232900.00","234900.00","02/06/06","04/27/06","","0"
"282-0340-022-0000","4929","Clear","95608","3","2 (2 0)","1388","0.1400","1975","","","","36","36","385000.00","370000.00","370000.00","02/15/06","04/26/06","","0"
"273-0121-005-0000","6217","Kiernan","95608","4","3 (2 1)","1820","0.2300","1956","","","","63","63","435000.00","399950.00","396700.00","02/06/06","05/15/06","","0"
"232-0203-005-0000","5928","Maleville","95608","3","2 (2 0)","1120","0.1300","1958","","","","117","117","359500.00","319000.00","315000.00","02/10/06","07/10/06","","0"
"273-0131-042-0000","2949","Panama","95608","3","2 (2 0)","1502","0.2790","1992","","","","41","41","444900.00","419900.00","458000.00","02/12/06","04/14/06","","0"
"283-0213-011-0000","5220","Glancy","95608","4","4 (3 1)","2250","0.2400","1957","","","","11","11","679000.00","679000.00","660000.00","01/26/06","03/01/06","","0"
"260-0191-053-0000","6621","LANDIS","95608","1-2","1 (1 0)","1392","0.6400","1947","","","","139","139","550000.00","510000.00","460000.00","01/31/06","06/30/06","","0"
"273-0311-003","3333","Parks","95608","4","2 (2 0)","2070","0.5130","1950","","","","73","73","599999.00","547500.00","525000.00","01/31/06","05/11/06","","0"
"289-0293-010-0","5400","Shelley","95608","3","3 (2 1)","1677","0.2400","1964","","","","20","20","515000.00","515000.00","485000.00","02/01/06","03/08/06","","0"
"289-0294-008-0000","1523","Gregory","95608","4","2 (2 0)","1760","0.2100","1962","","","","57","57","495000.00","495000.00","500000.00","02/02/06","04/18/06","","0"
"282-0340-008-0000","2016","Clearfield","95608","3","2 (2 0)","1295","0.1400","1976","","","","13","13","365000.00","365000.00","370000.00","02/03/06","03/15/06","","0"
"273-0302-011-0000","6037","Stanley","95608","3","2 (1 1)","1152","0.2750","1954","Fixer","","","4","4","350000.00","350000.00","315000.00","02/14/06","03/16/06","","0"
"232-0384-003-0000","6442","Belgrove","95608","3","2 (1 1)","1509","0.1700","1962","","","","18","103","389900.00","389900.00","392000.00","02/14/06","03/31/06","","0"
"232-0341-011","6366","Markley","95608","3","2 (2 0)","1044","0.1500","1962","","","","32","184","332000.00","329999.00","320000.00","02/13/06","05/03/06","","0"
"283-0070-005-0000","5119","MELVIN","95608","3","2 (2 0)","1339","0.2300","1957","","","","16","106","364500.00","361500.00","372000.00","02/14/06","04/13/06","","0"
"247-0220-034-0000","4001","Sumner","95608","4","3 (2 1)","2600","0.5000","2002","","","","66","66","599900.00","594000.00","594000.00","02/13/06","07/05/06","","0"
"272-0140-015-0000","2949","Garfield","95608","5","3 (3 0)","2500","0.2250","","","","","41","130","579000.00","579000.00","575000.00","02/16/06","05/15/06","","0"
"272-0150-035-0000","2937","Myrtle","95608","3","3 (3 0)","1726","0.3600","1946","","","","0","163","470000.00","470000.00","470000.00","02/16/06","02/16/06","","0"
"256-0390-044-0000","4722","Salem","95608","3-4","4 (3 1)","2554","0.1520","2005","","","","54","160","589999.00","574999.00","565000.00","02/16/06","05/26/06","","0"
"258-0142-004-0000","3320","Hunter","95608","3","3 (2 1)","2213","0.4200","1993","","","","11","110","558000.00","558000.00","534000.00","02/16/06","03/31/06","","0"
"283-0040-020-0000","5719","Frontier","95608","3-4","2 (2 0)","1364","0.3700","1961","","","","38","38","499900.00","475000.00","470000.00","02/12/06","04/24/06","","0"
"282-0360-042-0000","4909","Puma","95608","3-4","2 (2 0)","1837","0.1700","1975","","","","62","62","520000.00","520000.00","521000.00","01/13/06","04/19/06","","0"
"283-0221-013-0000","1831","Drew","95608","4","2 (2 0)","1397","0.2270","1958","","","","13","128","415000.00","415000.00","415000.00","02/17/06","03/28/06","","0"
"258-0320-044-0000","4055","Oak Villa","95608","2","2 (1 1)","1116","0.0280","1972","","","","86","204","249999.00","239999.00","213500.00","02/13/06","06/13/06","","0"
"289-0093-009-0000","1513","BARNETT","95608","4","3 (3 0)","2532","0.2500","1960","","","","80","196","729500.00","689000.00","626000.00","02/13/06","05/19/06","","0"
"258-0032-021-0000","5628","Liggett","95608","3","1 (1 0)","950","0.2500","1957","","","","9","9","319950.00","319950.00","315000.00","02/13/06","03/28/06","","0"
"271-0211-006-0000","2732","Leoleta","95608","3","2 (2 0)","1904","0.2500","1964","","","","47","71","459900.00","429000.00","429000.00","02/13/06","04/27/06","","0"
"271-0033-062-0000","4945","Robertson","95608","3","2 (2 0)","1562","0.2100","1954","","","","93","93","369900.00","369900.00","359900.00","02/13/06","06/30/06","","0"
"260-0440-010-0000","5900","Grant","95608","3","3 (2 1)","1350","0.0180","1985","","","","17","17","279900.00","279900.00","285000.00","02/13/06","03/31/06","","0"
"283-0280-058-0000","5629","Coda","95608","4-5","4 (4 0)","5816","0.3740","1991","","","","90","90","1395000.00","1395000.00","1200000.00","02/24/06","06/20/06","","0"
"230-0402-008-0000","4127","Pueblo","95608","5","3 (3 0)","2088","0.2550","1961","","","","38","145","489000.00","489000.00","475000.00","02/25/06","05/16/06","","0"
"245-0271-038-0000","6703","Sundown","95608","4","2 (2 0)","1798","0.3300","1995","","","","149","161","499999.00","460000.00","450000.00","02/25/06","08/10/06","","0"
"272-0220-012-0000","5435","Kenneth","95608","2","1 (1 0)","756","0.1550","1942","","","","60","60","349000.00","314000.00","309000.00","02/20/06","05/17/06","","0"
"245-0113-007-0000","6426","Rampart","95608","3","2 (2 0)","1525","0.1820","1965","","","","59","59","419500.00","409000.00","409000.00","02/25/06","05/25/06","","0"
"232-0227-003-0000","6208","TEMPLETON","95608","3","1 (1 0)","1040","0.1400","1958","","","","58","58","325000.00","309900.00","300000.00","02/28/06","05/26/06","","0"
"282-0246-007-0000","1733","Mission","95608","3","2 (1 1)","1306","0.2320","1957","","","","48","48","410000.00","405000.00","395000.00","03/01/06","05/26/06","","0"
"282-0360-026-0000","1745","Park Place","95608","4","3 (2 1)","2261","0.1700","1975","","","","10","10","589000.00","589000.00","595000.00","03/13/06","05/02/06","","0"
"283-0550-010-0000","5520","Wyndham Hill","95608","4-5","3 (3 0)","3200","0.2400","1988","","","","115","115","850000.00","749500.00","740000.00","02/07/06","08/11/06","","0"
"245-0132-032-0000","4206","Barrett","95608","4","3 (3 0)","2167","0.2550","1961","","","","49","49","475000.00","475000.00","463000.00","03/02/06","04/21/06","","0"
"230-0710-037-0000","5742","Locust","95608","2","2 (2 0)","1268","0.0820","1977","","","","104","104","299950.00","295950.00","295000.00","03/02/06","06/15/06","","0"
"258-0142-039-0000","3307","Jayanne","95608","3","2 (2 0)","1367","0.1330","1997","","","","12","12","399000.00","399000.00","405000.00","03/03/06","04/18/06","","0"
"260-0440-003-0000","5900","Grant","95608","2","2 (1 1)","1050","0.0120","1985","","","","14","14","219900.00","219900.00","219900.00","03/03/06","04/19/06","","0"
"245-0022-009-0000","6121","Rampart","95608","4","2 (2 0)","2158","0.2660","1964","","","","34","34","459000.00","414900.00","405000.00","02/15/06","05/10/06","","0"
"258-0071-016-0000","5549","ENGLE","95608","5","2 (2 0)","2240","0.8800","1947","Fixer","","","5","5","550000.00","550000.00","550000.00","02/18/06","03/28/06","","0"
"272-0241-029-0000","2720","Hoffman Woods","95608","2","3 (2 1)","1591","0.0850","1990","","","","81","81","340000.00","332500.00","336600.00","02/19/06","05/15/06","","0"
"256-0114-001-0000","3628","Winston","95608","3","3 (2 1)","2027","0.3400","1970","","","","21","21","424750.00","414000.00","435000.00","02/21/06","04/11/06","","0"
"229-0050-034-0000","5929","Dollar","95608","4","2 (2 0)","1798","0.4800","1977","Fixer","","","74","74","425000.00","425000.00","380000.00","02/23/06","06/06/06","","0"
"272-0031-013-0000","5542","North","95608","3","2 (2 0)","1400","0.2300","1956","","","","82","174","439900.00","396000.00","391000.00","03/10/06","06/28/06","","0"
"283-0070-072-0000","5155","Boyd","95608","3","2 (2 0)","1481","0.1820","1979","","","","54","54","395000.00","399000.00","390000.00","03/10/06","06/07/06","","0"
"282-0330-043-0000","2354","Via Camino","95608","2","3 (2 1)","1166","0.0210","1972","","","","40","40","255000.00","255000.00","250000.00","03/10/06","05/22/06","","0"
"232-0500-032-0000","6141","Via Casitas","95608","3","3 (2 1)","1380","0.0230","1971","","","","7","7","259000.00","259000.00","265000.00","03/12/06","04/19/06","","0"
"258-0203-004","5437","Kirkland","95608","4","3 (3 0)","1667","0.2300","1965","","","","21","21","440000.00","440000.00","440000.00","03/10/06","04/25/06","","0"
"258-0390-016-0000","5145","Linda Lou","95608","4","2 (2 0)","1992","0.2330","1981","","","","28","28","475000.00","475000.00","465000.00","03/10/06","05/10/06","","0"
"256-0272-003-0000","4820","Gibbons","95608","4","2 (2 0)","1524","0.2300","1961","Fixer","","","13","13","350000.00","350000.00","350000.00","03/07/06","06/05/06","","0"
"232-0420-023-0000","5946","Via Casitas","95608","2","2 (1 1)","972","0.0200","1971","","","","26","26","219800.00","219800.00","219800.00","03/15/06","05/22/06","","0"
"256-0370-025-0000","4759","Courtland","95608","2","2 (2 0)","1170","0.0940","1989","","","","7","7","319000.00","319000.00","314500.00","03/14/06","04/14/06","","0"
"272-0250-006-0000","5152","Kenneth","95608","3","3 (3 0)","2063","0.2500","1956","","","","21","21","535000.00","535000.00","521625.00","03/16/06","05/08/06","","0"
"271-0252-005-0000","2605","Kendale","95608","3","1 (1 0)","1820","0.2300","1954","","","","18","18","385000.00","385000.00","385100.00","03/17/06","05/09/06","","0"
"272-0260-066-0000","2609","Garfield","95608","4","1 (1 0)","1632","0.3366","1948","Fixer","","","29","120","451000.00","399950.00","389000.00","03/05/06","06/30/06","","0"
"273-0142-008-0000","2935","California","95608","3","2 (2 0)","1389","","1956","","","","25","25","410000.00","410000.00","410000.00","02/28/06","04/28/06","","0"
"230-0254-005-0000","5825","NONNIE","95608","3","2 (2 0)","1456","0.1810","1958","","","","27","27","345000.00","345000.00","345000.00","03/07/06","04/25/06","","0"
"232-0242-001-0000","6310","Templeton","95608","3","1 (1 0)","936","0.1600","1958","","","","91","91","345000.00","323000.00","323000.00","03/20/06","07/14/06","","0"
"258-0110-026-0000","3613","Tarro","95608","4","2 (2 0)","1392","0.2300","1956","","","","139","139","375000.00","345000.00","335000.00","03/07/06","09/01/06","","0"
"245-0104-005-0000","4306","Marl","95608","4","2 (2 0)","1700","0.2260","1964","","","","50","50","417000.00","417000.00","415000.00","03/08/06","05/25/06","","0"
"272-0051-009-0000","5116","Love","95608","3","2 (2 0)","1414","0.2400","1963","","","","51","110","399900.00","389800.00","389800.00","03/08/06","05/31/06","","0"
"256-0272-008-0000","4840","Camden","95608","3","2 (2 0)","1300","0.2400","1962","","","","20","20","429000.00","429000.00","423000.00","03/09/06","04/28/06","","0"
"245-0223-007-0000","6428","Miles","95608","3","2 (2 0)","1250","0.2300","1958","","","","27","27","329500.00","325000.00","316000.00","03/21/06","05/18/06","","0"
"282-0073-005-0000","4904","Melvin","95608","3","2 (1 1)","1355","0.2400","1955","","","","2","2","345000.00","345000.00","345000.00","03/22/06","04/21/06","","0"
"232-0413-001-0000","6345","Aslin","95608","3","2 (2 0)","1425","0.2000","1961","","","","31","31","389950.00","389950.00","375000.00","03/20/06","05/12/06","","0"
"247-0096-001-0000","4541","Ladera","95608","3","2 (2 0)","1799","0.2060","1973","","","","60","60","429900.00","429000.00","395000.00","03/23/06","06/09/06","","0"
"283-0280-057-0000","5626","Coda","95608","5-6","6 (4 2)","4923","0.4300","1984","","","","34","34","1295000.00","1295000.00","1160000.00","03/22/06","05/12/06","","0"
"283-0252-012-0000","5211","Arden","95608","3","3 (2 1)","1925","0.0410","1992","","","","14","14","390000.00","390000.00","395000.00","03/24/06","04/28/06","","0"
"247-0032-014-0000","4542","Fairlane","95608","4","3 (2 1)","2218","0.2500","1968","","","","46","46","475000.00","450000.00","448000.00","03/27/06","06/30/06","","0"
"256-0214-005-0000","3842","Watco","95608","4","3 (3 0)","1887","0.2700","1960","","","","12","12","465000.00","465000.00","465000.00","03/28/06","05/31/06","","0"
"232-0480-008","6001","Via Casitas","95608","2","1 (1 0)","961","0.0308","1971","","","","31","31","220000.00","220000.00","217500.00","03/15/06","05/12/06","","0"
"260-0175-004-0000","6212","Samoa","95608","3","2 (2 0)","1231","0.2300","1955","","","","120","182","432950.00","404950.00","350000.00","03/29/06","08/31/06","","0"
"229-0271-007-0000","5921","Marlin","95608","4","2 (2 0)","1344","0.1300","1961","Fixer","","","4","4","290000.00","290000.00","295000.00","03/20/06","04/10/06","","0"
"245-0132-012-0000","6601","Lincoln","95608","4-5","3 (3 0)","2227","0.4000","1960","","","","20","69","499900.00","484900.00","483000.00","03/30/06","05/30/06","","0"
"256-0390-045-0001","4718","Salem","95608","3-4","3 (2 1)","3090","0.1400","2005","","","","6","34","629900.00","629900.00","595000.00","03/21/06","04/27/06","","0"
"245-0075-010-0000","4441","Colby","95608","4","2 (2 0)","1614","0.2160","1962","","","","41","41","329900.00","435000.00","433000.00","03/21/06","07/01/06","","0"
"232-0500-008-0000","6119","Via Casitas","95608","3","3 (2 1)","1380","0.0230","1971","","","","10","10","260000.00","260000.00","252000.00","03/21/06","04/20/06","","0"
"258-0072-004-0000","3741","Horton","95608","3","2 (2 0)","1700","0.2600","","","","","7","108","364999.00","364999.00","354950.00","04/01/06","05/05/06","","0"
"289-0422-006-0000","4845","Fair Oaks","95608","2","2 (2 0)","1675","1.4600","1930","Fixer","","","7","7","950000.00","950000.00","950000.00","04/03/06","05/30/06","","0"
"230-0610-003-0001","5317","MANZANITA","95608","2","1 (1 0)","843","0.0160","1972","","","","16","74","179900.00","179900.00","175000.00","04/03/06","05/12/06","","0"
"232-0253-001-0000","5353","Hesper","95608","3","2 (2 0)","1134","0.2100","1958","","","","2","2","265000.00","265000.00","268000.00","04/03/06","04/20/06","","0"
"271-0101-039-0000","4940","Robertson","95608","3","2 (2 0)","1512","0.3307","1963","","","","7","7","389500.00","389500.00","370000.00","04/03/06","05/16/06","","0"
"282-0040-013-0000","2412","UPHAM","95608","3","1 (1 0)","1443","0.2310","1955","","","","23","23","349900.00","349900.00","339900.00","03/23/06","05/25/06","","0"
"271-0313-058-0000","3204","Kaiser","95608","3","3 (2 1)","1942","0.1320","1979","","","","40","101","455000.00","455000.00","455000.00","04/03/06","06/13/06","","0"
"282-0330-017-0000","2408","Via Camino","95608","2","2 (2 0)","1054","0.0320","1972","","","","68","68","249900.00","244900.00","239900.00","04/04/06","07/10/06","","0"
"245-0293-010-0000","6438","Dorinda","95608","4","3 (2 1)","1849","0.1770","1970","","","","170","170","485000.00","405000.00","405000.00","04/05/06","10/24/06","","0"
"283-0530-005-0000","5301","Retreat","95608","5","6 (5 1)","6087","0.5100","1986","","","","78","78","2700000.00","2450000.00","2235000.00","04/07/06","08/03/06","","0"
"236-0233-009-0000","4728","Wilmer","95608","3","2 (2 0)","1640","0.2400","1963","","","","33","33","449000.00","449000.00","445000.00","04/07/06","05/24/06","","0"
"260-0050-006","3971","Hillgrove","95608","3","2 (2 0)","2700","0.2540","1957","","","","46","125","595000.00","547000.00","535740.00","03/30/06","06/13/06","","0"
"282-0340-026-0000","4916","Clear","95608","3","2 (2 0)","1392","0.1600","1975","","","","13","13","375000.00","375000.00","380000.00","03/30/06","05/12/06","","0"
"260-0071-007-0000","3915","Continental","95608","3","2 (1 1)","1373","0.2330","1958","","","","27","27","415000.00","415000.00","405000.00","03/30/06","05/30/06","","0"
"230-0660-020-0000","5433","Wildflower","95608","4","2 (2 0)","1984","0.2300","1975","","","","8","8","524900.00","524900.00","531000.00","03/31/06","05/16/06","","0"
"232-0520-027-0000","5921","CASA ALEGRE","95608","2","2 (1 1)","972","0.0160","1973","","","","14","14","219900.00","217500.00","217500.00","03/20/06","04/28/06","","0"
"230-0700-003-0049","5245","Manzanita","95608","2","1 (1 0)","959","","1977","Fixer","","","42","42","169000.00","169000.00","160000.00","04/17/06","09/05/06","","0"
"273-0324-000-0000","6312","Date Palm","95608","4","3 (2 1)","2030","0.2000","1969","","","","61","61","625000.00","625000.00","591000.00","03/31/06","07/17/06","","0"
"271-0063-015-0000","4761","Robertson","95608","3","2 (1 1)","1237","0.2900","1954","","","","5","5","314500.00","314500.00","310000.00","03/29/06","05/16/06","","0"
"245-0052-026-0000","5940","Ranger","95608","3","2 (2 0)","2024","","1972","","","","51","51","465000.00","465000.00","490000.00","03/31/06","06/26/06","","0"
"232-0470-034-0000","6066","Via Casitas","95608","3","3 (2 1)","1380","0.0210","1971","","","","25","25","249090.00","249900.00","262900.00","04/08/06","06/01/06","","0"
"272-0190-052-0000","5643","Clark","95608","5","0 (0 0)","1585","0.1600","1978","","","","24","63","449000.00","449000.00","450000.00","04/07/06","05/30/06","","0"
"258-0123-002-0000","3542","Tarro","95608","4","2 (2 0)","1970","0.2310","1956","","","","112","112","539000.00","495000.00","495000.00","04/11/06","09/01/06","","0"
"230-0171-009-0000","5308","Valhalla","95608","4-5","3 (3 0)","2542","0.4600","1956","","","","5","5","550000.00","550000.00","560000.00","04/12/06","05/31/06","","0"
"283-0200-057-0000","5521","Clarendon","95608","4","3 (3 0)","2933","0.4400","1972","","","","77","77","945000.00","910000.00","895000.00","04/11/06","07/17/06","","0"
"260-0270-009-0000","3501","Grantwood","95608","3","2 (2 0)","1620","0.2300","1959","Fixer","","","29","29","419000.00","419000.00","402000.00","04/13/06","05/19/06","","0"
"272-0250-002-0000","5112","Kenneth","95608","2","1 (1 0)","1047","0.3400","1952","","","","10","44","315000.00","322000.00","325000.00","04/13/06","06/26/06","","0"
"260-0200-029-0000","6831","Grant","95608","3","2 (2 0)","1248","0.2300","1958","","","","34","34","359000.00","325000.00","315000.00","04/12/06","05/25/06","","0"
"258-0370-016-0000","3623","Affirmed","95608","4","2 (2 0)","1623","0.1400","1979","","","","18","49","385000.00","385000.00","379000.00","04/14/06","05/25/06","","0"
"273-0051-028-0000","6850","Landis","95608","3","2 (2 0)","1590","0.3020","1973","","","","53","53","490000.00","465000.00","479000.00","04/07/06","07/21/06","","0"
"289-0311-005-000","1447","Meredith","95608","4","3 (3 0)","2103","0.2300","1959","","","","11","11","609000.00","609000.00","600000.00","04/17/06","06/29/06","","0"
"232-0242-018-0000","5432","Hesper","95608","3","2 (2 0)","1134","0.1500","1958","","","","23","23","348000.00","348000.00","344000.00","03/28/06","05/15/06","","0"
"236-0143-022-0000","5320","Flagstone","95608","3","2 (2 0)","2025","0.1970","1960","","","","29","29","495000.00","495000.00","495000.00","04/14/06","08/11/06","","0"
"271-0252-008-0000","4809","Serena","95608","3","1 (1 0)","1120","0.2800","1954","","","","45","45","377000.00","369900.00","365000.00","04/07/06","06/15/06","","0"
"289-0291-020-0000","1330","Meredith","95608","3-4","2 (2 0)","1881","0.2200","1967","","","","8","8","540000.00","540000.00","547500.00","04/02/06","05/24/06","","0"
"245-0042-005-0000","4620","Jan","95608","4","2 (2 0)","1800","0.2390","1960","","","","2","2","419000.00","419000.00","419000.00","04/07/06","05/12/06","","0"
"289-0361-010-0000","1207","Beard","95608","5","3 (3 0)","2098","0.1900","1961","","","","48","170","579000.00","579000.00","558000.00","04/21/06","06/30/06","","0"
"289-0294-008-0000","1523","Gregory","95608","4","2 (2 0)","1760","0.2100","1962","","","","21","21","595000.00","575000.00","575000.00","04/21/06","06/09/06","","0"
"258-0060-004-0000","5800","Gibbons","95608","2","1 (1 0)","671","0.5500","1945","","","","0","0","419000.00","479000.00","450000.00","04/26/06","06/01/06","","0"
"283-0050-026","6117","Oak","95608","4-5","4 (4 0)","4600","0.4700","2004","","","","97","97","1450000.00","1395000.00","1275000.00","04/26/06","08/16/06","","0"
"289-0364-016-0000","1157","McClaren","95608","3","2 (2 0)","1741","0.2100","1960","","","","12","161","459000.00","459000.00","435000.00","04/26/06","06/07/06","","0"
"273-0161-013-0000","6001","Kenneth","95608","3","2 (2 0)","1210","0.2270","1954","","","","6","6","375000.00","375000.00","383000.00","04/27/06","05/25/06","","0"
"236-0334-024-0000","4782","Oak Twig","95608","4","2 (2 0)","2026","0.2100","1972","","","","170","170","475000.00","410999.00","395000.00","04/24/06","12/08/06","","0"
"292-0480-006-0000","4719","Dovercourt","95608","4","3 (3 0)","2474","0.2500","1972","","","","4","4","910000.00","910000.00","930000.00","04/28/06","06/16/06","","0"
"232-0082-005-0000","5518","Woodleigh","95608","3","1 (1 0)","1040","0.2100","1958","","","","5","5","295000.00","295000.00","303500.00","04/30/06","06/07/06","","0"
"273-0111-001-0000","3040","Panama","95608","3","2 (2 0)","1621","0.8500","1947","","","","34","54","650000.00","599950.00","575000.00","04/14/06","06/27/06","","0"
"245-0083-008-0000","4408","Marble","95608","3","2 (2 0)","1413","0.2040","1960","","","","28","28","415000.00","415000.00","400000.00","04/28/06","06/23/06","","0"
"289-0461-003-0000","5321","Shelato","95608","5","3 (3 0)","2563","0.2600","1972","","","","57","57","679000.00","665000.00","645000.00","04/17/06","07/13/06","","0"
"283-0010-065-0000","5249","Wyndham Oak","95608","4","2 (2 0)","2248","0.1530","1998","","","","2","2","559000.00","559000.00","559000.00","04/19/06","05/23/06","","0"
"289-0463-001-0000","5340","Shelato","95608","4","3 (3 0)","2312","0.2000","1973","","","","8","8","649000.00","679000.00","658000.00","04/19/06","06/07/06","","0"
"247-0043-003-0000","4507","NORTHAMPTON","95608","3","3 (2 1)","2055","0.2280","1960","","","","70","70","495000.00","484500.00","479000.00","04/20/06","07/31/06","","0"
"247-0134-015-0000","6991","WISE","95608","4","3 (2 1)","3300","0.2580","2003","","","","4","4","869000.00","869000.00","869000.00","04/21/06","06/20/06","","0"
"232-0372-011-0000","6419","Rexford","95608","3","2 (1 1)","1162","0.1600","1962","","","","12","12","325000.00","325000.00","315000.00","05/04/06","06/16/06","","0"
"289-0353-009-0000","1312","McClaren","95608","3","2 (2 0)","1450","0.2000","1971","","","","14","14","525000.00","525000.00","518000.00","05/04/06","06/07/06","","0"
"260-0350-043-0000","3840","Dotty","95608","4","3 (3 0)","2800","0.3410","1989","","","","35","118","759000.00","725000.00","710000.00","05/05/06","07/21/06","","0"
"232-0023-017-00","5724","Southbrook","95608","3","2 (2 0)","1332","0.2500","1958","","","","108","108","356900.00","325000.00","300000.00","05/05/06","09/25/06","","0"
"247-0251-006-0000","4217","Oak Knoll","95608","3","2 (1 1)","1485","0.2300","1956","","","","20","20","485900.00","500000.00","500000.00","05/05/06","06/28/06","","0"
"247-0054-002-0000","7018","Los Olivos","95608","4","2 (2 0)","2248","0.2020","1970","","","","130","130","499900.00","425000.00","425000.00","05/07/06","10/31/06","","0"
"273-0042-017-0000","3335","Sunnybank","95608","4","4 (3 1)","3121","0.2830","1969","","","","0","42","799000.00","799000.00","808000.00","05/02/06","06/13/06","","0"
"236-0313-004-0000","6320","Meadowvista","95608","4","2 (2 0)","2002","0.2060","1968","","","","23","23","449000.00","449000.00","440000.00","05/02/06","06/26/06","","0"
"256-0124-011-0000","3512","Winston","95608","3","2 (1 1)","1305","0.3300","1956","","","","1","1","375000.00","375000.00","382500.00","05/01/06","06/15/06","","0"
"282-0330-018-0000","2406","Via Camino","95608","2","1 (1 0)","961","0.0320","1972","","","","152","152","245000.00","208500.00","199500.00","05/02/06","10/26/06","","0"
"271-0302-008-0000","2510","Laurence","95608","3","1 (1 0)","1104","0.3800","1953","Fixer","","","3","3","330000.00","330000.00","320000.00","05/02/06","06/09/06","","0"
"289-0363-012-0000","1150","Mcclaren","95608","3","2 (2 0)","2105","0.2000","1972","","","","5","5","545000.00","545000.00","575000.00","05/04/06","06/27/06","","0"
"283-0333-001-0000","1840","Shelfield","95608","3","2 (2 0)","1855","0.2400","1970","","","","13","13","658888.00","653888.00","642000.00","05/10/06","06/20/06","","0"
"260-0200-012-0000","6801","Grant","95608","3","2 (2 0)","1240","0.2310","1958","","","","62","62","365000.00","325000.00","295000.00","05/10/06","12/12/06","","0"
"232-0470-027-0000","6050","VIA CASITAS","95608","3","3 (2 1)","1380","0.0220","1971","","","","102","102","279999.00","249500.00","243000.00","05/12/06","09/13/06","","0"
"289-0223-015-0000","1308","Philomene","95608","3","3 (2 1)","1967","0.2700","1958","","","","93","93","775000.00","695000.00","685000.00","05/12/06","09/22/06","","0"
"256-0390-022-0000","3732","Gibbons Park","95608","4","3 (3 0)","3357","0.2330","2005","","","","0","250","699900.00","699900.00","700000.00","05/12/06","05/12/06","","0"
"260-0021-015-0000","3907","California","95608","2","1 (1 0)","800","0.1200","1959","","","","48","48","324950.00","299950.00","290952.00","05/06/06","07/06/06","","0"
"245-0072-000-3000","4453","Rollingrock","95608","3","2 (2 0)","1387","0.2200","1962","","","","10","10","359000.00","359000.00","360000.00","05/11/06","06/30/06","","0"
"236-0094-002-0000","6040","Woodhaven","95608","3","2 (2 0)","1408","0.2340","1958","","","","45","45","415000.00","407500.00","400000.00","05/07/06","07/20/06","","0"
"256-0390-046-0000","4714","Salem","95608","4","3 (2 1)","2554","0.2050","2005","","","","30","30","639000.00","639000.00","615000.00","05/09/06","08/02/06","","0"
"230-0201-057-0000","5149","Cypress","95608","2-3","1 (1 0)","1590","0.1550","1966","","","","127","285","349900.00","299900.00","290000.00","05/10/06","10/17/06","","0"
"260-0142-026-0000","3711","Chaney","95608","3-4","4 (2 2)","2772","0.4130","1940","","","","6","6","519950.00","519950.00","515000.00","05/12/06","07/17/06","","0"
"260-0142-013-0000","3724","Orangerie","95608","3","2 (2 0)","1502","0.2300","1959","","","","9","9","420000.00","420000.00","410000.00","05/10/06","06/09/06","","0"
"258-0202-031-0000","5301","Whitney","95608","3","2 (2 0)","1984","0.1490","1987","","","","81","81","450000.00","425000.00","420000.00","05/11/06","09/11/06","","0"
"232-0530-002-0000","5947","Casa Alegre","95608","2","2 (2 0)","1054","0.0330","1973","","","","76","156","232000.00","210000.00","210000.00","05/11/06","08/23/06","","0"
"232-0430-003-0000","5966","Via Casitas","95608","2","2 (1 1)","972","0.0200","1971","","","","36","319","219900.00","219900.00","219000.00","05/11/06","07/31/06","","0"
"260-0071-006-0000","3921","Continental","95608","3","2 (2 0)","1800","0.2300","1958","Fixer","","","127","186","415000.00","370000.00","360000.00","05/11/06","10/16/06","","0"
"236-0370-001-0000","4928","Secluded Oaks","95608","4-6","4 (3 1)","4029","0.6380","2005","","","","100","100","1299000.00","1040000.00","945000.00","05/16/06","09/01/06","","0"
"232-0232-001-000","6236","Templeton","95608","5","3 (3 0)","1950","0.2000","1958","","","","34","34","445000.00","445000.00","430000.00","05/16/06","06/23/06","","0"
"282-0213-013-0000","5024","Oakleaf","95608","4","2 (2 0)","1633","0.2380","1961","","","","56","56","447500.00","447500.00","425000.00","05/17/06","08/10/06","","0"
"247-0200-074-0000","6907","Lincoln","95608","4","2 (2 0)","1831","0.2100","1974","","","","23","23","520000.00","440000.00","440000.00","05/17/06","07/11/06","","0"
"282-0062-005-0000","4718","Melvin","95608","3","2 (2 0)","1306","0.2310","1957","","","","16","64","369000.00","369000.00","369000.00","05/17/06","08/07/06","","0"
"271-0131-015-0000","2945","Root","95608","3","2 (2 0)","1628","0.3000","1954","","","","28","190","375000.00","369000.00","355000.00","05/11/06","07/21/06","","0"
"260-0191-025-0000","6549","Landis","95608","3-5","4 (3 1)","2650","2.5000","1958","","","","62","266","1200000.00","1200000.00","1125000.00","05/18/06","08/18/06","","0"
"283-0120-064-0000","2204","Via Linda","95608","3","2 (2 0)","1962","0.1600","1986","","","","131","131","495000.00","450000.00","450000.00","05/18/06","10/30/06","","0"
"283-0293-036-0000","2147","Hillcrest","95608","4-5","3 (2 1)","2500","0.7800","1908","","","","143","144","975000.00","895000.00","850000.00","04/14/06","12/22/06","","0"
"236-0054-005","5905","Telesco","95608","3","3 (2 1)","1814","0.1400","1977","","","","42","42","439000.00","439000.00","435000.00","05/18/06","08/14/06","","0"
"247-0240-038-0000","7134","Lincoln","95608","3-4","3 (2 1)","3070","0.4990","1950","","","","3","3","849900.00","849900.00","820000.00","05/19/06","06/16/06","","0"
"282-0370-042-0000","4924","Olive Oak","95608","4","2 (2 0)","1830","0.1900","1978","","","","12","12","410000.00","410000.00","395000.00","05/12/06","06/20/06","","0"
"247-0210-057-0000","6926","Lincoln","95608","3","2 (2 0)","1902","0.2500","1979","","","","53","53","469900.00","459900.00","445100.00","04/17/06","08/11/06","","0"
"245-0170-014-0000","6034","Lincoln","95608","2-3","3 (2 1)","1271","0.1200","1992","","","","95","95","325000.00","325000.00","296500.00","05/15/06","09/15/06","","0"
"260-0390-024-0000","3412","Lindi","95608","3","2 (2 0)","1804","0.2500","1984","","","","116","116","669000.00","599000.00","550000.00","05/15/06","09/29/06","","0"
"245-0114-013-0000","6306","Perrin","95608","4","3 (3 0)","2491","0.1900","1995","","","","46","82","559000.00","539000.00","540000.00","06/01/06","08/15/06","","0"
"256-0242-035-000","3311","Mission","95608","4","2 (2 0)","1695","0.1700","1972","","","","37","229","424000.00","419000.00","410000.00","05/15/06","08/01/06","","0"
"273-0102-010-0000","3012","San Lorenzo","95608","4","3 (3 0)","3634","0.2690","1973","","","","0","0","715000.00","715000.00","715000.00","03/28/06","05/12/06","","0"
"247-0200-037-0000","6919","Lisa Marie","95608","4","3 (2 1)","2248","0.2130","1970","","","","5","5","594500.00","594500.00","585000.00","05/24/06","06/16/06","","0"
"260-0450-011-0000","3841","Olivebranch","95608","2","2 (2 0)","1255","0.0700","1988","","","","67","67","349900.00","335000.00","330000.00","05/23/06","08/18/06","","0"
"232-0242-002-0000","6316","Templeton","95608","3","2 (2 0)","1134","0.1500","1958","","","","26","26","349000.00","336400.00","327000.00","05/24/06","07/24/06","","0"
"260-0480-003-0000","3611","NICOLETTE","95608","4","3 (2 1)","2354","0.1540","2004","","","","18","117","549999.00","549000.00","545000.00","05/26/06","07/10/06","","0"
"272-0031-032-0000","3219","Ashwood","95608","3","1 (1 0)","1104","0.1230","1960","","","","9","9","310000.00","310000.00","310000.00","05/26/06","07/10/06","","0"
"232-0520-009-0000","5918","Casa Alegre","95608","3","3 (2 1)","1380","0.0240","1973","","","","137","137","265000.00","249900.00","255000.00","05/26/06","11/28/06","","0"
"232-0212-002-0000","5557","Wilsey","95608","4","2 (2 0)","1120","0.1600","1958","","","","51","51","355000.00","332900.00","355000.00","06/05/06","08/18/06","","0"
"282-0291-008-0000","2121","Bircher","95608","3","2 (2 0)","1255","0.2530","1959","","","","118","118","399000.00","352000.00","352000.00","05/26/06","10/24/06","","0"
"271-0170-027-0000","2827","Root","95608","2","2 (2 0)","1122","0.1480","1981","","","","89","89","295000.00","259000.00","267800.00","05/08/06","08/30/06","","0"
"236-0141-022","5330","Agate","95608","2","2 (1 1)","2196","0.7990","1958","","","","156","156","494950.00","429950.00","420000.00","05/27/06","11/17/06","","0"
"236-0212-007-0000","5113","Kipp","95608","3","2 (2 0)","1012","0.2040","1960","","","","146","146","379950.00","299950.00","287900.00","05/27/06","11/09/06","","0"
"245-0271-018-0000","4205","Lingrove","95608","3","2 (2 0)","1274","0.2200","1963","","","","18","18","359900.00","359900.00","359900.00","05/29/06","08/01/06","","0"
"273-0060-014-000","3013","Panama","95608","3-4","2 (2 0)","2000","0.5300","1946","Fixer","","","89","280","482000.00","425000.00","410000.00","05/31/06","10/18/06","","0"
"230-0710-045-0000","4118","Scranton","95608","3","2 (2 0)","1341","0.1010","1977","","","","0","0","290000.00","290000.00","297000.00","05/18/06","06/23/06","","0"
"292-0500-012-0","4943","Marlborough","95608","4","3 (2 1)","2000","0.2400","1972","","","","3","3","799900.00","799900.00","810000.00","05/19/06","06/16/06","","0"
"282-0251-006-0000","4920","San Marque","95608","3","1 (1 0)","1025","0.2310","1955","","","","40","40","339000.00","329000.00","325000.00","05/22/06","07/25/06","","0"
"258-0390-033-0000","5136","Linda Lou","95608","3","2 (2 0)","1753","0.1700","1983","","","","50","50","459900.00","399000.00","399000.00","05/22/06","08/18/06","","0"
"256-0031-069-0000","4020","Hollow Wood","95608","3","3 (2 1)","1579","0.0750","1982","","","","69","69","310000.00","310000.00","301500.00","05/22/06","09/14/06","","0"
"273-0122-020-0000","6223","Eastmont","95608","3","3 (2 1)","2200","0.2300","1957","","","","49","49","574900.00","574900.00","565000.00","06/02/06","08/25/06","","0"
"247-0280-023","4039","Eastwood Village","95608","3","3 (2 1)","1480","0.0800","1992","","","","6","39","339950.00","329950.00","332000.00","06/01/06","06/30/06","","0"
"247-0162-003-0000","6720","Lakeview","95608","4","3 (3 0)","2200","0.6100","1955","","","","34","34","699000.00","699000.00","650000.00","06/02/06","09/01/06","","0"
"245-0061-002-0000","4541","Marble","95608","3","3 (3 0)","1681","0.2620","1960","","","","66","66","479000.00","479000.00","474000.00","06/05/06","09/13/06","","0"
"283-0183-007","2029","Gunn","95608","3","2 (2 0)","1693","0.2100","1977","","","","10","10","425000.00","425000.00","425000.00","06/05/06","07/14/06","","0"
"260-0302-003-0000","3720","Dell","95608","4","3 (2 1)","2385","0.4100","1965","","","","8","8","599000.00","600000.00","600000.00","06/05/06","07/28/06","","0"
"260-0292-026-0000","3627","Azell","95608","3","2 (2 0)","1670","1.2500","","","","","113","113","660000.00","599000.00","579666.00","06/02/06","12/15/06","","0"
"247-0152-004-0000","4239","Stollwood","95608","5","3 (2 1)","2600","0.2970","1970","","","","9","289","599900.00","599900.00","575000.00","06/06/06","07/17/06","","0"
"260-0480-002-0000","3607","Nicolette","95608","4","2 (2 0)","2020","0.1300","2004","","","","77","77","495000.00","475000.00","455000.00","06/07/06","09/20/06","","0"
"258-0160-059-0000","3328","Oak Stream","95608","3","2 (2 0)","1447","0.2200","1986","","","","79","79","472000.00","420000.00","400000.00","06/07/06","09/29/06","","0"
"256-0221-013-0000","3313","McCowan","95608","4","2 (2 0)","1734","0.2300","1960","","","","51","51","425950.00","399950.00","385000.00","06/07/06","08/30/06","","0"
"271-0262-008-0000","4971","Francis","95608","4-5","3 (3 0)","2750","0.3280","1963","","","","9","9","599000.00","599000.00","599000.00","06/07/06","07/14/06","","0"
"258-0320-018-0000","4034","Oak Villa","95608","3-4","2 (1 1)","1323","","1972","","","","55","232","279000.00","279000.00","260000.00","05/31/06","08/16/06","","0"
"247-0032-009-0000","4537","Brandywine","95608","4","3 (2 1)","1930","0.3200","1959","Fixer","","","17","17","445000.00","445000.00","420000.00","05/18/06","07/24/06","","0"
"229-0271-007-0000","5921","Marlin","95608","4","2 (2 0)","1344","0.1300","1961","","","","81","81","352950.00","309950.00","309950.00","05/31/06","11/06/06","","0"
"289-0304-004-0000","1510","Mcclaren","95608","3","2 (2 0)","1842","0.3200","1971","","","","3","3","279000.00","579000.00","579000.00","05/19/06","06/29/06","","0"
"283-0140-086-0000","2187","Glancy","95608","3","3 (3 0)","2671","0.2870","1995","","","","36","36","994000.00","994000.00","940000.00","06/01/06","08/11/06","","0"
"260-0321-041-0000","3651","California","95608","2","1 (1 0)","938","0.2490","1948","Fixer","","","0","0","285500.00","285500.00","285500.00","06/01/06","06/15/06","","0"
"258-0340-034-000","4011","Knoll Top","95608","3-4","2 (1 1)","1323","0.0300","1978","","","","19","19","285000.00","285000.00","280000.00","05/31/06","07/17/06","","0"
"232-0460-004-0000","5941","Via Casitas","95608","2","2 (1 1)","972","0.0170","1971","","","","114","114","225000.00","225000.00","225000.00","06/12/06","10/31/06","","0"
"229-0256-002-0000","6039","Remington","95608","3","2 (2 0)","1273","0.1620","1961","Fixer","","","16","16","335000.00","315000.00","315000.00","06/13/06","08/07/06","","0"
"289-0302-006-000","1500","Gary","95608","3","2 (2 0)","1858","0.2300","1959","","","","3","3","539000.00","539000.00","511875.00","06/13/06","07/19/06","","0"
"272-0260-072-0000","2617","Garfield","95608","4","3 (2 1)","2898","0.2580","2005","","","","12","176","599850.00","599850.00","585000.00","06/14/06","07/14/06","","0"
"271-0035-009-0000","4951","Kurz","95608","3","2 (2 0)","1452","0.1600","1986","","","","40","40","395000.00","395000.00","409000.00","06/14/06","08/07/06","","0"
"273-0021-026-0000","6204","Glademont","95608","2","2 (2 0)","1442","0.2900","1956","","","","38","38","479000.00","459000.00","430000.00","06/14/06","08/23/06","","0"
"256-0330-018-0000","4701","Eli","95608","3","2 (2 0)","1263","0.1250","1974","","","","21","102","285000.00","285000.00","279800.00","06/15/06","07/31/06","","0"
"260-0250-081-0000","7148","Sutter","95608","5","6 (5 1)","5495","0.7500","2005","","","","0","0","2195000.00","2195000.00","2000000.00","06/16/06","06/19/06","","0"
"232-0291-020-0000","6125","Marwick","95608","3","2 (2 0)","1200","0.1600","1958","","","","5","5","298888.00","298888.00","297000.00","06/16/06","06/27/06","","0"
"258-0194-005-0000","3933","Linus","95608","3","2 (2 0)","1422","0.2300","1960","Fixer","","","68","68","375000.00","325000.00","325000.00","06/16/06","10/06/06","","0"
"230-0730-016-0000","4872","Thousand Oaks","95608","3","3 (2 1)","2300","0.1900","1984","","","","35","35","440000.00","419000.00","419000.00","06/08/06","07/31/06","","0"
"245-0190-093-0000","6106","Lincoln","95608","3-4","2 (2 0)","2250","0.2540","2005","","","","180","180","604999.00","559000.00","520000.00","06/19/06","12/29/06","","0"
"245-0240-031-0001","4083","Alex","95608","3","3 (2 1)","1326","","1987","","","","49","49","305000.00","305000.00","300000.00","06/05/06","08/17/06","","0"
"245-0260-063-0000","6844","Lincoln","95608","4","3 (2 1)","2854","0.2010","2001","","","","95","95","649000.00","618000.00","612500.00","06/12/06","10/06/06","","0"
"232-0293-012-0000","5505","Hesper","95608","3","2 (2 0)","1263","0.2100","1958","","","","32","32","385000.00","385000.00","380000.00","06/12/06","07/31/06","","0"
"247-0295-002-0000","4472","Stollwood","95608","4","2 (2 0)","2184","0.2660","1971","","","","90","90","549900.00","479000.00","468250.00","06/12/06","10/13/06","","0"
"232-0411-014-0000","5765","Cada","95608","3","1 (1 0)","1020","0.1600","1961","","","","31","31","299000.00","299000.00","295000.00","06/30/06","09/28/06","","0"
"289-0520-019-0000","1151","Los Rios","95608","3","3 (2 1)","1464","0.2500","1974","","","","26","171","495000.00","495000.00","490000.00","06/23/06","08/18/06","","0"
"272-0330-002-0000","5707","Ivytown","95608","2","2 (2 0)","978","0.0300","1986","","","","8","8","250000.00","250000.00","250000.00","06/25/06","08/04/06","","0"
"232-0202-003-0000","5552","Sapunor","95608","4","2 (2 0)","1120","0.1400","1958","","","","134","134","325000.00","283000.00","286000.00","06/26/06","12/29/06","","0"
"230-0860-013-0000","5738","Crofters","95608","5","3 (3 0)","2642","0.2790","1998","","","","86","86","585000.00","560000.00","550000.00","06/26/06","10/24/06","","0"
"230-0222-052-0000","5712","Locust","95608","4","3 (3 0)","2493","0.2440","2002","","","","128","422","574950.00","520000.00","515000.00","06/26/06","11/27/06","","0"
"229-0274-001-0000","5877","Sharps","95608","3","2 (2 0)","1344","0.1600","1961","Fixer","","","74","74","324000.00","295000.00","281000.00","06/26/06","10/23/06","","0"
"245-0303-003-0000","5985","Camray","95608","4","3 (3 0)","2149","0.1540","1984","","","","21","21","489900.00","489900.00","465000.00","06/17/06","08/04/06","","0"
"247-0123-007-0000","4237","Galewood","95608","4","2 (2 0)","1690","0.2790","1964","","","","44","44","487000.00","487000.00","468000.00","06/19/06","08/24/06","","0"
"289-0311-006-0000","1441","Meredith","95608","3","3 (2 1)","1388","0.2300","1959","","","","97","97","550000.00","539000.00","520000.00","06/19/06","10/20/06","","0"
"232-0414-008-0000","6332","Aslin","95608","3","2 (1 1)","1111","0.2100","1962","","","","6","6","298000.00","298000.00","304000.00","06/20/06","07/25/06","","0"
"272-0260-030-0000","2612","Gunn","95608","3","2 (2 0)","1296","0.2600","1960","","","","27","27","399000.00","389000.00","369000.00","06/20/06","08/31/06","","0"
"247-0193-008-0000","4210","Prospect","95608","3","3 (3 0)","2459","0.5500","1960","","","","9","9","799000.00","799000.00","795000.00","06/21/06","08/01/06","","0"
"289-0295-017-0000","5449","Shelley","95608","3","2 (2 0)","1764","0.2600","1963","","","","5","5","545000.00","545000.00","535000.00","06/23/06","07/28/06","","0"
"258-0232-014-0000","5228","Lequel","95608","4","3 (3 0)","2128","0.1590","1985","","","","18","18","459900.00","459900.00","459900.00","06/22/06","08/14/06","","0"
"260-0072-009-0000","3933","SAN JUAN","95608","3","2 (2 0)","1241","0.2300","1958","","","","13","13","405000.00","405000.00","405000.00","07/05/06","08/14/06","","0"
"283-0421-003-0000","5709","River Oak","95608","3-4","3 (3 0)","2222","0.1600","1970","","","","16","103","575000.00","575000.00","540000.00","07/05/06","08/08/06","","0"
"245-0084-001-0000","4440","Rollingrock","95608","3","2 (2 0)","1629","0.2400","1961","","","","7","7","350000.00","350000.00","365000.00","07/05/06","08/09/06","","0"
"282-0310-013-0000","2324","Via Camino","95608","2","1 (1 0)","972","0.0170","1972","","","","34","34","205000.00","205000.00","205000.00","07/06/06","08/29/06","","0"
"245-0114-015-0000","6314","Perrin","95608","4","3 (3 0)","2218","0.1900","1989","","","","85","245","549000.00","535000.00","525000.00","06/23/06","10/20/06","","0"
"236-0045-013-0000","5134","Patti Jo","95608","3","3 (2 1)","1732","0.2020","1971","","","","116","116","439000.00","419000.00","421000.00","07/06/06","11/16/06","","0"
"271-0062-010-0000","3104","Murchison","95608","4","2 (1 1)","1944","0.2500","1954","Fixer","","","66","144","365000.00","340000.00","337500.00","07/06/06","10/24/06","","0"
"283-0040-003-0000","5656","El Camino","95608","2-3","2 (2 0)","1700","0.5530","1959","","","","147","147","157000.00","449999.00","440000.00","06/28/06","12/15/06","","0"
"232-0283-003-0000","6172","Orsi","95608","5","2 (2 0)","1855","0.2500","1961","","","","33","33","409000.00","399900.00","415000.00","06/28/06","08/24/06","","0"
"230-0610-004-0003","5313","Manzanita","95608","2","2 (1 1)","880","0.0160","1972","","","","125","125","206000.00","198000.00","205000.00","07/06/06","12/20/06","","0"
"272-0242-013-0000","5752","Kenneth","95608","3","2 (2 0)","1330","0.2170","1945","Fixer","","","29","29","330000.00","301000.00","365000.00","07/05/06","09/29/06","","0"
"258-0080-027-0000","3713","Bella Cruz","95608","4","3 (2 1)","2404","0.1600","2006","","","","50","50","579000.00","579000.00","565000.00","06/29/06","09/14/06","","0"
"273-0081-016-0000","6200","Cole","95608","3","2 (2 0)","1347","0.2420","1959","","","","34","86","375000.00","375000.00","380000.00","06/29/06","08/24/06","","0"
"260-0213-005","3617","VOLEYN","95608","3","1 (1 0)","1190","0.2300","1959","","","","25","25","345000.00","334950.00","331000.00","06/29/06","08/18/06","","0"
"236-0123-012-0000","6044","Denver","95608","3","2 (2 0)","1628","0.1740","1972","","","","6","68","439000.00","439000.00","426000.00","06/30/06","08/01/06","","0"
"229-0263-004-0000","5830","Hesper","95608","3","2 (2 0)","1440","0.2000","1965","","","","34","126","350000.00","299000.00","310000.00","06/29/06","10/31/06","","0"
"283-0510-002-0000","1705","Haggin Grove","95608","4","3 (3 0)","3904","","1979","","","","6","6","1195000.00","1195000.00","1200000.00","07/04/06","08/22/06","","0"
"289-0223-008-0000","1516","DEL DAYO","95608","3","2 (2 0)","2121","0.3200","1959","","","","9","11","698000.00","698000.00","700000.00","07/10/06","09/21/06","","0"
"230-0161-010-0000","4500","Longhorn","95608","4","2 (2 0)","1643","0.1700","1963","","","","4","4","349000.00","349000.00","351000.00","07/11/06","08/25/06","","0"
"272-0330-007-0000","5723","Ivy Town","95608","4-5","2 (2 0)","1872","0.0440","1950","","","","49","301","325000.00","299000.00","302500.00","07/11/06","09/29/06","","0"
"245-0292-022-0000","6411","Dorinda","95608","4","3 (2 1)","1849","0.1870","1971","","","","77","194","409990.00","379900.00","377000.00","07/12/06","11/01/06","","0"
"230-0650-023-0000","5712","Haskell","95608","4","3 (2 1)","1810","0.1820","1975","","","","41","145","419000.00","409000.00","400000.00","07/13/06","09/26/06","","0"
"260-0370-024-0000","6025","Landis","95608","3","1 (1 0)","884","0.2820","1953","","","","16","16","309990.00","309990.00","270000.00","07/12/06","08/23/06","","0"
"273-0162-006","2728","Panay","95608","3-4","2 (2 0)","1092","0.2300","1945","","","","76","76","389500.00","340500.00","347000.00","07/11/06","11/10/06","","0"
"256-0031-067-0000","4024","Hollow Wood","95608","2","3 (2 1)","1428","0.0620","1984","","","","35","87","280000.00","280000.00","275000.00","07/13/06","09/26/06","","0"
"283-0560-038-0000","2414","Fallwater","95608","3","3 (2 1)","1559","0.0930","1996","","","","84","84","41850.00","399500.00","390000.00","06/28/06","10/19/06","","0"
"260-0113-015-0000","6416","Sutter","95608","3","3 (2 1)","1211","1.3700","1950","Fixer","","","24","24","665000.00","665000.00","650000.00","07/14/06","10/12/06","","0"
"272-0200-058-0000","2740","Zachman","95608","3","2 (2 0)","1192","0.1310","1984","","","","29","63","340000.00","340000.00","330000.00","07/12/06","09/19/06","","0"
"272-0360-010-0000","5539","Tierra Gardens","95608","3","2 (2 0)","2238","0.2000","2002","","","","12","12","585000.00","585000.00","562000.00","07/07/06","08/17/06","","0"
"289-0091-003-0000","1537","Menlo","95608","3-4","4 (4 0)","2850","0.8100","1956","","","","113","113","995000.00","950000.00","872500.00","07/06/06","12/15/06","","0"
"258-0123-037-0000","3505","Jay Jay","95608","5","3 (3 0)","3040","0.2290","2005","","","","64","97","597500.00","579000.00","535000.00","07/08/06","09/29/06","","0"
"230-0181-000-0000","5408","MUSTANG","95608","4","3 (2 1)","2087","0.1960","1967","","","","29","101","475000.00","455000.00","425000.00","07/09/06","09/06/06","","0"
"247-0153-009-0000","4229","Mapel","95608","3","2 (2 0)","2107","0.3250","1964","","","","38","38","539950.00","485000.00","475000.00","07/09/06","09/08/06","","0"
"271-0264-015-0000","2650","Foothill","95608","4","2 (2 0)","1424","0.3480","1957","","","","46","46","359000.00","325000.00","322000.00","07/10/06","09/26/06","","0"
"272-0011-053-0000","3221","Mayer","95608","3","2 (2 0)","1809","0.2000","1974","","","","111","191","439000.00","408000.00","407000.00","07/22/06","11/28/06","","0"
"229-0271-011-0000","5937","Marlin","95608","4","2 (2 0)","1344","0.1500","1961","","","","21","82","313000.00","313000.00","310000.00","07/24/06","09/25/06","","0"
"236-0082-002-0000","6065","Northcrest","95608","4","3 (2 1)","1700","0.1990","1959","","","","56","56","349950.00","349950.00","349950.00","07/24/06","10/24/06","","0"
"289-0271-016-0000","5449","Arden","95608","4","3 (2 1)","1852","0.4200","1956","Fixer","","","1","1","530000.00","530000.00","535000.00","04/04/06","05/19/06","","0"
"273-0150-037-0000","2941","Marco","95608","4","2 (2 0)","2123","0.2580","1968","","","","28","28","599900.00","599900.00","562500.00","07/27/06","09/07/06","","0"
"245-0041-013-0000","4625","Jan","95608","3","2 (2 0)","1464","0.2690","1960","","","","24","24","349950.00","349950.00","325000.00","07/28/06","09/06/06","","0"
"271-0090-049-0000","3020","Merrick San","95608","3","3 (2 1)","2240","0.2100","1981","","","","28","118","445000.00","445000.00","430000.00","07/28/06","09/29/06","","0"
"230-0222-051-0000","5712","Kem","95608","3","2 (1 1)","1476","0.2730","1967","","","","47","47","370000.00","358000.00","348000.00","07/31/06","11/01/06","","0"
"236-0317-001-0000","5120","Patti Jo","95608","4","3 (3 0)","1893","0.1710","1969","","","","16","66","365000.00","365000.00","369000.00","07/31/06","10/04/06","","0"
"230-0312-023-0000","4330","Glen Vista","95608","3-4","3 (2 1)","2400","0.2540","1964","","","","6","90","475000.00","475000.00","469950.00","07/15/06","08/10/06","","0"
"289-0301-011-0000","5541","Ivanhoe","95608","4","3 (2 1)","2210","0.2300","1972","","","","0","0","665000.00","665000.00","665000.00","06/21/06","07/31/06","","0"
"230-0312-019-0000","4306","Glen Vista","95608","4","3 (3 0)","2446","0.2540","1961","","","","40","40","565000.00","495000.00","485000.00","07/19/06","09/21/06","","0"
"283-0355-005-0000","1806","SHELFIELD","95608","3","3 (2 1)","2519","0.2500","1961","","","","12","12","650000.00","650000.00","635000.00","07/21/06","09/08/06","","0"
"247-0096-002-0000","4537","LADERA","95608","4","2 (2 0)","2103","0.1820","1973","","","","80","224","459900.00","399000.00","394000.00","07/21/06","10/31/06","","0"
"288-0364-007-0000","1255","GARY","95608","3-4","2 (2 0)","1834","0.2000","1969","","","","22","22","549500.00","549500.00","530000.00","07/21/06","09/29/06","","0"
"272-0290-061-0000","2508","Gabriel","95608","3","2 (2 0)","1373","0.1600","1986","","","","117","173","385000.00","325000.00","336000.00","07/21/06","12/13/06","","0"
"282-0310-008-0000","2314","Via Camino","95608","3","3 (2 1)","1380","0.0230","1972","","","","40","40","268500.00","268500.00","269000.00","08/03/06","10/19/06","","0"
"236-0281-002","5013","Schuyler","95608","3","2 (2 0)","1743","0.3500","1967","","","","47","47","429000.00","399000.00","399000.00","08/04/06","11/09/06","","0"
"260-0181-008-0000","3513","Brookside","95608","3","2 (2 0)","1387","0.3000","1966","","","","98","136","450000.00","439800.00","435000.00","08/07/06","12/04/06","","0"
"236-0232-003-0000","6326","Moraga","95608","3","2 (2 0)","1822","0.2230","1964","","","","69","69","390000.00","349950.00","340000.00","08/04/06","11/17/06","","0"
"272-0172-006-0000","2829","Gunn","95608","1","1 (1 0)","829","0.3300","1946","Fixer","","","16","16","295000.00","295000.00","285000.00","07/25/06","09/01/06","","0"
"230-0860-043-0000","4613","Carrigan","95608","5","3 (3 0)","2642","0.1720","1998","","","","13","13","570000.00","570000.00","565000.00","08/08/06","09/29/06","","0"
"283-0010-083-0000","5246","Wyndham Oak","95608","4","2 (2 0)","1986","0.1330","1998","","","","10","10","525000.00","525000.00","500000.00","08/09/06","09/29/06","","0"
"258-0072-029-0000","5697","Engle","95608","2","1 (1 0)","930","0.3900","1940","","","","92","202","320000.00","279900.00","274000.00","07/28/06","12/08/06","","0"
"282-0340-015-0000","4957","Clear","95608","2","2 (1 1)","1180","0.1200","1975","","","","49","131","315000.00","297500.00","302500.00","07/31/06","11/03/06","","0"
"272-0103-008-0000","5400","Monitor","95608","3","2 (2 0)","1273","0.2300","1960","","","","55","123","369000.00","355000.00","355000.00","08/02/06","11/13/06","","0"
"283-0335-005-0000","1901","Rolls","95608","5","4 (3 1)","3376","0.3400","1970","","","","3","64","885000.00","885000.00","835000.00","08/02/06","08/25/06","","0"
"245-0240-031-0005","4093","Alex","95608","3","3 (2 1)","1326","","1987","","","","37","37","317500.00","305000.00","295000.00","08/02/06","10/30/06","","0"
"247-0220-036-0000","7038","Ara","95608","4","3 (3 0)","2865","0.1240","1997","","","","44","392","529500.00","529500.00","500000.00","08/02/06","10/12/06","","0"
"245-0122-001-0000","6510","Linda","95608","3","2 (2 0)","1836","1.5200","1958","","","","6","6","825000.00","825000.00","825000.00","08/01/06","09/01/06","","0"
"272-0312-011-0000","2505","El Vita","95608","3","2 (2 0)","1699","0.2300","1958","","","","53","53","389000.00","349500.00","366850.00","08/15/06","11/02/06","","0"
"236-0142-026-0000","5333","Agate","95608","3","2 (2 0)","1120","0.2080","1960","","","","36","36","327950.00","299000.00","299000.00","08/19/06","10/18/06","","0"
"247-0171-004-0000","4429","Mapel","95608","4","4 (2 2)","3372","0.6900","1955","","","","50","104","750000.00","765000.00","727000.00","08/21/06","11/28/06","","0"
"258-0380-012-0000","5108","Richon Vista","95608","2","2 (2 0)","1061","0.0900","1979","","","","28","28","285000.00","285000.00","285000.00","08/22/06","10/18/06","","0"
"230-0331-035-0000","5507","Valhalla","95608","4","3 (2 1)","1872","0.3290","1961","","","","35","144","529000.00","482000.00","470000.00","08/18/06","10/26/06","","0"
"282-0165-003-0000","2041","Mission","95608","3","2 (2 0)","1469","0.1600","1957","","","","14","14","345000.00","345000.00","345000.00","08/23/06","10/11/06","","0"
"271-0263-008","5051","Westmont","95608","3","2 (2 0)","1110","0.2900","1953","","","","13","13","329000.00","329000.00","325000.00","08/25/06","09/29/06","","0"
"230-0202-002-0000","4238","Pueblo","95608","3","3 (3 0)","1732","0.2200","1976","","","","10","10","449999.00","449950.00","447000.00","08/09/06","09/08/06","","0"
"247-0200-035-0000","6939","Lisa Marie","95608","4","2 (2 0)","2150","0.2130","1971","","","","46","46","450000.00","450000.00","434000.00","08/10/06","10/24/06","","0"
"258-0330-017-0000","3922","Oak Villa","95608","2","2 (1 1)","1116","0.0280","1972","","","","11","11","225000.00","225000.00","225000.00","08/10/06","08/28/06","","0"
"232-0202-008-0000","5608","Sapunor","95608","3","2 (2 0)","1078","0.1300","1958","","","","28","28","320000.00","304000.00","297000.00","08/10/06","10/19/06","","0"
"232-0253-005-0000","5337","Hesper","95608","3","2 (2 0)","1330","0.1400","1962","","","","117","117","350000.00","325000.00","330000.00","08/11/06","12/29/06","","0"
"289-0510-001-0000","5314","Shelato","95608","4","3 (2 1)","1840","0.1900","1972","","","","7","7","649000.00","649000.00","649000.00","08/11/06","09/29/06","","0"
"283-0423-021-0000","5704","Thames","95608","4-5","2 (2 0)","2047","0.2000","1966","","","","20","20","593000.00","583000.00","583000.00","08/28/06","10/31/06","","0"
"260-0440-005-0004","5900","Grant","95608","2","2 (1 1)","1050","0.0120","1985","","","","0","0","237900.00","237900.00","237900.00","08/14/06","10/27/06","","0"
"236-0321-005-0000","6213","Longmont","95608","3","2 (2 0)","1432","0.1830","1970","","","","91","91","429900.00","349900.00","343000.00","08/14/06","12/07/06","","0"
"292-0412-005-0000","4791","Marlborough","95608","4","3 (2 1)","2900","0.2800","1968","","","","17","17","895000.00","849999.00","810000.00","08/16/06","10/20/06","","0"
"273-0091-026-0000","6601","Chiquita","95608","4","3 (2 1)","2700","0.3080","1964","","","","67","67","895000.00","849900.00","835000.00","08/17/06","11/29/06","","0"
"289-0150-017-0000","1340","Mission","95608","3","3 (2 1)","2407","0.2400","1973","","","","71","191","699000.00","624900.00","585000.00","08/31/06","12/14/06","","0"
"289-0075-003-0000","1509","Mission","95608","5","3 (3 0)","2607","0.3660","1948","","","","45","45","550000.00","550000.00","500000.00","08/30/06","11/03/06","","0"
"258-0091-033-0000","3543","Affirmed","95608","4-5","3 (3 0)","2861","0.2000","2004","","","","80","91","699000.00","617500.00","615000.00","09/01/06","12/19/06","","0"
"292-0412-002-0000","4771","Marlborough","95608","4","3 (2 1)","2306","0.2700","1968","","","","17","17","749000.00","749000.00","735000.00","09/01/06","10/27/06","","0"
"245-0103-006-0000","6238","Mineral","95608","3","2 (2 0)","1741","0.1970","1973","","","","30","154","399000.00","399000.00","390000.00","09/02/06","10/27/06","","0"
"245-0260-043-0000","4022","Poppleton","95608","4","3 (3 0)","2700","0.2020","2003","","","","0","11","675000.00","675000.00","640000.00","09/03/06","12/15/06","","0"
"232-0480-007-0000","5981","Via Casitas","95608","2","2 (1 1)","972","0.0160","1971","","","","13","13","215000.00","215000.00","215000.00","08/26/06","09/28/06","","0"
"236-0201-010-0000","6041","Telesco","95608","3","2 (2 0)","1128","0.1900","1963","","","","28","28","329500.00","298777.00","275000.00","09/05/06","10/31/06","","0"
"289-0222-007-0000","1505","Del Dayo","95608","3","2 (2 0)","1825","0.2700","1957","","","","5","5","479000.00","479000.00","479000.00","09/06/06","10/24/06","","0"
"292-0442-007-0000","4850","Kipling","95608","4","3 (3 0)","2184","0.2300","1972","","","","24","144","789000.00","789000.00","755000.00","09/06/06","10/31/06","","0"
"283-0293-026-0000","2124","Claremont","95608","3","2 (2 0)","1658","0.2800","1960","","","","11","11","515000.00","515000.00","512000.00","09/08/06","10/19/06","","0"
"245-0114-024-0000","6356","Perrin","95608","4","2 (2 0)","1812","0.2030","1971","","","","4","4","395000.00","395000.00","403000.00","09/11/06","10/13/06","","0"
"272-0061-015-0000","3129","Birch","95608","4","2 (2 0)","1850","0.2500","1960","","","","16","23","319900.00","319900.00","326900.00","08/30/06","09/29/06","","0"
"260-0031-004-0000","8132","Fair Oaks","95608","4","3 (3 0)","1952","0.5500","1945","","","","7","7","399000.00","399000.00","399000.00","08/30/06","10/26/06","","0"
"260-0340-001","3845","Valle Vista","95608","3","2 (2 0)","1404","0.2500","1970","","","","18","18","440000.00","440000.00","405000.00","08/30/06","10/19/06","","0"
"260-0211-013","3604","Voleyn","95608","2-4","2 (2 0)","1600","0.2310","1959","","","","61","61","395000.00","390000.00","390000.00","09/29/06","12/28/06","","0"
"236-0302-014-0000","6417","Sandstone","95608","3","2 (2 0)","1401","0.2380","1968","","","","26","26","365000.00","339900.00","346000.00","08/30/06","10/26/06","","0"
"258-0110-069-0000","3636","Timmco","95608","3","2 (2 0)","1753","0.2070","1983","","","","26","26","415000.00","395000.00","395000.00","08/31/06","10/25/06","","0"
"258-0390-017-0000","5149","Linda Lou","95608","3","2 (2 0)","1364","0.1900","1983","","","","9","9","352500.00","352500.00","345000.00","09/15/06","12/05/06","","0"
"260-0080-065-0000","6224","Casita","95608","3","2 (2 0)","1738","0.1860","1988","","","","3","122","389000.00","389000.00","393000.00","09/15/06","10/19/06","","0"
"245-0101-002-0000","4437","Jan","95608","3","2 (2 0)","1581","0.2600","1973","","","","11","11","398900.00","398900.00","409000.00","09/15/06","11/08/06","","0"
"283-0131-006-0000","5324","Halsted","95608","3","2 (2 0)","1276","0.2500","1959","","","","44","44","379000.00","364900.00","341472.00","09/20/06","12/15/06","","0"
"256-0380-021-0000","3542","Denfield","95608","4","3 (3 0)","1743","0.1630","1999","","","","61","61","525000.00","475000.00","450000.00","09/21/06","12/14/06","","0"
"236-0010-190-000","5224","Lynnadeane","95608","4","3 (2 1)","1891","0.1900","1974","","","","17","17","459000.00","439000.00","422000.00","09/21/06","11/07/06","","0"
"271-0063-021-0000","4701","Robertson","95608","3","2 (2 0)","1291","0.2900","1954","","","","70","70","369950.00","359950.00","360000.00","09/22/06","12/28/06","","0"
"258-0080-026-0000","3707","Bella Cruz","95608","4","3 (2 1)","2404","0.1600","2006","","","","33","111","549000.00","549000.00","555470.00","09/22/06","11/17/06","","0"
"236-0111-023-0000","6007","Cherrelyn","95608","3","2 (2 0)","1393","0.2700","1959","","","","7","7","329000.00","329000.00","310000.00","09/22/06","10/19/06","","0"
"236-0201-006-0000","5111","Martin","95608","2-4","2 (2 0)","1715","0.2560","1961","","","","10","89","408990.00","408990.00","405000.00","09/23/06","10/30/06","","0"
"260-0213-007-0000","3609","Voleyn","95608","3","1 (1 0)","1440","0.2310","1959","","","","1","1","329500.00","329500.00","324000.00","09/25/06","10/20/06","","0"
"247-0271-052-0036","7131","Stella","95608","2","2 (2 0)","1000","","1984","","","","0","0","245000.00","245000.00","245000.00","09/25/06","10/20/06","","0"
"245-0113-020-0000","6348","Rampart","95608","3","2 (2 0)","1700","0.2020","1970","","","","67","221","389000.00","369000.00","340000.00","09/06/06","12/21/06","","0"
"247-0271-052-0019","7121","Stella","95608","2","2 (2 0)","1000","","1984","","","","60","60","230000.00","230000.00","230000.00","09/12/06","12/12/06","","0"
"283-0010-047-0000","2417","Walnut Oaks","95608","4","2 (2 0)","1783","0.1200","1999","","","","14","14","435000.00","435000.00","430000.00","09/26/06","11/17/06","","0"
"260-0331-030-0009","7032","Fair Oaks","95608","3","3 (2 1)","1260","","1975","","","","41","41","219900.00","219900.00","219900.00","01/19/06","03/01/06","","0"
"245-0190-056-0000","4145","California","95608","2","2 (2 0)","1818","0.1110","1985","","","","29","223","299000.00","274000.00","280000.00","09/12/06","12/01/06","","0"
"283-0183-008-0000","5216","Morro Bay","95608","3","2 (2 0)","1495","0.1900","1978","","","","27","76","395000.00","395000.00","395000.00","09/13/06","11/02/06","","0"
"245-0073-002-0000","4449","Jan","95608","3","3 (3 0)","1943","0.2770","1966","","","","37","72","387000.00","375000.00","375000.00","09/13/06","11/10/06","","0"
"283-0153-032-0000","2114","Marchita","95608","3","3 (2 1)","1850","0.3500","1964","","","","28","28","450000.00","450000.00","430000.00","10/02/06","11/16/06","","0"
"260-0191-028-0000","6629","Landis","95608","2","2 (2 0)","1045","0.6000","1940","","","","20","348","399950.00","399950.00","384500.00","10/03/06","11/09/06","","0"
"273-0192-004-0000","2624","Carmichael","95608","3","1 (1 0)","1164","0.3000","1951","","","","21","21","299000.00","299000.00","305000.00","10/02/06","11/22/06","","0"
"245-0072-001-0000","4513","Jan","95608","3","2 (2 0)","1528","0.2290","1966","","","","6","6","418000.00","418000.00","405000.00","10/25/06","11/22/06","","0"
"245-0083-014-0000","4504","Marble","95608","4","3 (3 0)","2043","0.2450","1960","","","","48","217","405000.00","395000.00","400000.00","10/04/06","12/21/06","","0"
"230-0790-047-0000","4226","Younger","95608","3","2 (2 0)","1267","0.0770","1991","","","","48","48","329000.00","309000.00","305000.00","10/04/06","11/30/06","","0"
"289-0314-005-0000","1424","Meredith","95608","4","3 (3 0)","2109","0.2300","1959","","","","19","19","649000.00","599000.00","560000.00","10/05/06","11/21/06","","0"
"260-0153-001-0000","3900","Renner","95608","3","2 (2 0)","1689","0.2700","1957","","","","11","11","429000.00","429000.00","422000.00","10/05/06","11/13/06","","0"
"245-0052-029-0000","5952","Ranger","95608","3","3 (2 1)","2197","0.2280","1960","Fixer","","","20","20","385000.00","385000.00","370000.00","10/05/06","11/03/06","","0"
"247-0200-077-0000","4230","Paradise","95608","5","2 (2 0)","2094","0.1720","1980","","","","44","44","449950.00","449950.00","425000.00","10/06/06","12/19/06","","0"
"232-0293-016-0000","6209","Wildomar","95608","3","2 (2 0)","1263","0.1600","1958","","","","10","10","319000.00","319000.00","319000.00","10/06/06","11/16/06","","0"
"272-0210-005-0000","2744","Walnut","95608","3","2 (2 0)","1457","1.1700","1935","","","","12","104","675000.00","675000.00","678000.00","10/04/06","10/20/06","","0"
"247-0271-052-0009","7100","Stella","95608","2","2 (2 0)","1000","","1984","","","","71","167","210000.00","210000.00","215000.00","10/09/06","12/29/06","","0"
"236-0122-005-0000","5213","Schuyler","95608","2","2 (2 0)","1382","0.1840","1960","Fixer","","","10","10","275000.00","275000.00","278000.00","10/10/06","11/30/06","","0"
"245-0160-020-0000","5950","Lincoln Hills","95608","3","3 (2 1)","1688","0.1840","1978","","","","12","149","399000.00","399000.00","399000.00","09/27/06","11/02/06","","0"
"283-0190-013-0000","5313","Carneia","95608","3","3 (2 1)","1980","0.2200","1974","","","","39","39","519000.00","469000.00","470000.00","09/30/06","11/30/06","","0"
"232-0273-012-0000","6260","Orsi","95608","3","2 (2 0)","1160","0.1800","1961","","","","39","140","309000.00","295000.00","293000.00","10/02/06","12/15/06","","0"
"272-0320-006-0000","5354","Angelina","95608","2","2 (2 0)","1496","0.0500","1981","","","","8","8","300000.00","300000.00","300000.00","10/02/06","11/21/06","","0"
"232-0225-013-0000","5430","Edgerly","95608","3-4","2 (2 0)","1615","0.1300","1958","","","","59","59","295000.00","260000.00","270000.00","10/06/06","12/20/06","","0"
"258-0400-014-0000","3433","Farid","95608","2","2 (2 0)","1081","0.0800","1981","","","","59","59","294000.00","278500.00","278500.00","09/01/06","11/30/06","","0"
"232-0251-013-0000","6507","Templeton","95608","3","1 (1 0)","1040","0.1600","1958","","","","40","40","299950.00","292999.00","285000.00","10/18/06","12/28/06","","0"
"272-0210-024-000","5227","Kenneth","95608","3","1 (1 0)","1200","0.3500","1950","Fixer","","","3","3","279950.00","279950.00","250000.00","10/24/06","12/05/06","","0"
"247-0280-030-0000","4011","Eastwood Village","95608","4","3 (2 1)","1480","0.0830","1992","","","","49","49","338000.00","338000.00","315000.00","10/25/06","12/26/06","","0"
"258-0150-019-0000","5573","Whitfield","95608","3","2 (2 0)","1257","0.2500","1959","","","","7","7","339000.00","347500.00","347500.00","10/31/06","11/30/06","","0"
"273-0132-023-0000","2909","Palm Estates","95608","4","2 (2 0)","2095","0.2800","1978","","","","20","20","465000.00","465000.00","465000.00","11/01/06","12/19/06","","0"
"247-0122-009-0000","4312","Galewood","95608","3","2 (2 0)","1669","0.2260","1961","","","","6","222","385000.00","385000.00","381750.00","11/03/06","12/08/06","","0"
"247-0271-052-0030","7131","Stella","95608","2","2 (2 0)","1000","","1984","","","","0","0","250000.00","250000.00","240000.00","11/06/06","12/14/06","","0"
"230-0402-002-0000","4213","Pueblo","95608","3","2 (2 0)","1344","0.2600","1961","","","","28","28","349000.00","349000.00","364000.00","11/17/06","12/29/06","","0"
"247-0075-001","7100","Borrego","95608","4","2 (2 0)","1933","0.2300","1968","","","","0","407","419000.00","419000.00","365000.00","12/07/06","12/29/06","","0"
"247-0297-004-0000","4429","Woodview","95608","3","2 (2 0)","1969","0.2370","1970","","","","3","109","475000.00","475000.00","440000.00","12/01/06","12/27/06","","0"
"23600450130000","5134","Patti Jo","95608","3","3 (2 1)","1732","0.2000","1972","","","","109","133","439000.00","419000.00","421000.00","07/06/06","11/16/06","","0"
"272-0210-018-0000","2731","Gunn","95608","3","3 (3 0)","1986","0.2300","1945","","","","32","65","360000.00","310000.00","322500.00","10/05/06","11/30/06","","0"
"236-0275-004-0000","6304","Meadowvista","95608","3","2 (2 0)","1751","0.1720","1968","","","","20","75","419999.00","402000.00","402000.00","10/12/06","12/13/06","","0"
"271-0062-012-0000","3112","Murchison","95608","3","1 (1 0)","968","0.2500","1954","","","","4","4","275000.00","275000.00","280000.00","10/12/06","11/28/06","","0"
"258-0203-018-0000","5340","Grant","95608","3","2 (2 0)","1296","0.2500","1960","","","","14","14","349900.00","349900.00","341000.00","10/16/06","11/28/06","","0"
"232-0214-009-0000","5464","Edgerly","95608","3","2 (2 0)","1078","0.1700","1958","","","","30","30","289900.00","289900.00","289900.00","10/18/06","12/15/06","","0"
"289-0311-005","1447","Meredith","95608","4","3 (3 0)","2103","0.2300","","Completed","","","10","10","609000.00","609000.00","600000.00","04/18/06","06/29/06","","0"
"289-0311-005","1447","Meredith","95608","4","3 (3 0)","2103","0.1837","","","","","18","18","609000.00","609000.00","600000.00","04/24/06","06/30/06","","0"
"236-0142-010-0000","5259","Agate","95608","3","2 (1 1)","1445","0.2030","1960","","","","34","333","299000.00","300000.00","300000.00","10/11/06","12/18/06","","0"
